ID,PinCode,State_name,District_name
1,500035,Telangana,RANGAREDDY
2,500085,Telangana,HYDERABAD
3,506145,Telangana,Hanamkonda
4,500039,Telangana,RANGAREDDY
5,530049,Andhra Pradesh,VISAKHAPATNAM
6,502032,Telangana,SANGAREDDY
7,500050,Telangana,HYDERABAD
8,501505,Telangana,RANGAREDDY
9,533201,Andhra Pradesh,East Godavari
10,500018,Telangana,RANGAREDDY
11,500050,Telangana,HYDERABAD
12,500049,Telangana,Trimulgherry
13,504296,Telangana,MANCHERIAL
14,500014,Telangana,HYDERABAD
15,500013,Telangana,HYDERABAD
16,500080,Telangana,HYDERABAD
17,502032,Telangana,SANGAREDDY
18,500048,Telangana,RANGAREDDY
19,500094,Telangana,HYDERABAD
20,533001,Andhra Pradesh,EAST GODAVARI
21,506142,Telangana,Hanamkonda
22,500016,Telangana,HYDERABAD
23,503002,Telangana,NIZAMABAD
24,530048,Andhra Pradesh,VISAKHAPATNAM
25,500018,Telangana,RANGAREDDY
26,509125,Telangana,GADWAL
27,560037,Karnataka,BENGALURU
28,500075,Telangana,RANGAREDDY
29,110014,Delhi,SOUTH DELHI
30,751018,Odisha,KHORDA
31,500032,Telangana,RANGAREDDY
32,413003,Maharashtra,SOLAPUR
33,500056,Telangana,HYDERABAD
34,500019,Telangana,RANGAREDDY
35,411057,Maharashtra,Pune
36,500075,Telangana,RANGAREDDY
37,768004,Odisha,SAMBALPUR
38,500086,Telangana,RANGAREDDY
39,500090,Telangana,RANGAREDDY
40,500007,Telangana,HYDERABAD
41,534201,Andhra Pradesh,West Godavari
42,517001,Andhra Pradesh,Chittoor
43,500090,Telangana,RANGAREDDY
44,525281,Andhra Pradesh,VIZIANAGARAM
45,522619,Andhra Pradesh,GUNTUR
46,444002,Maharashtra,AKOLA
47,505184,Telangana,PEDDAPALLI
48,500090,Telangana,RANGAREDDY
49,500070,Telangana,RANGAREDDY
50,535501,Andhra Pradesh,VIZIANAGARAM
51,769001,Odisha,SUNDERGARH
52,534467,Andhra Pradesh,WEST GODAVARI
53,500092,Telangana,RANGAREDDY
54,523225,Andhra Pradesh,PRAKASAM
55,502300,Telangana,SANGAREDDY
56,500064,Telangana,HYDERABAD
57,530012,Andhra Pradesh,VISAKHAPATNAM
58,500047,Telangana,HYDERABAD
59,500016,Telangana,HYDERABAD
60,500055,Telangana,HYDERABAD
61,500007,Telangana,HYDERABAD
62,500040,Telangana,HYDERABAD
63,500089,Telangana,RANGAREDDY
64,500081,Telangana,HYDERABAD
65,400070,Maharashtra,MUMBAI
66,500062,Telangana,HYDERABAD
67,500045,Telangana,HYDERABAD
68,500018,Telangana,RANGAREDDY
69,500059,Telangana,HYDERABAD
70,502205,Telangana,SANGAREDDY
71,506001,Telangana,Warangal
72,500068,Telangana,RANGAREDDY
73,531033,Andhra Pradesh,VISAKHAPATNAM
74,500049,Telangana,Trimulgherry
75,496001,Chattisgarh,RAIGARH
76,500074,Telangana,RANGAREDDY
77,530008,Andhra Pradesh,VISAKHAPATNAM
78,517002,Andhra Pradesh,Chittoor
79,502319,Telangana,SANGAREDDY
80,500085,Telangana,HYDERABAD
81,500089,Telangana,RANGAREDDY
82,500039,Telangana,RANGAREDDY
83,500048,Telangana,RANGAREDDY
84,500072,Telangana,HYDERABAD
85,500040,Telangana,HYDERABAD
86,500050,Telangana,HYDERABAD
87,500054,Telangana,HYDERABAD
88,535003,Andhra Pradesh,VIZIANAGARAM
89,500038,Telangana,HYDERABAD
90,530020,Andhra Pradesh,VISAKHAPATNAM
91,500089,Telangana,RANGAREDDY
92,760001,Odisha,GANJAM
93,500072,Telangana,HYDERABAD
94,500055,Telangana,HYDERABAD
95,505001,Telangana,KARIM NAGAR
96,508218,Telangana,SURYAPET
97,500019,Telangana,RANGAREDDY
98,500086,Telangana,RANGAREDDY
99,500085,Telangana,HYDERABAD
100,503003,Telangana,NIZAMABAD
101,535260,Andhra Pradesh,VIZIANAGARAM
102,500089,Telangana,RANGAREDDY
103,500074,Telangana,RANGAREDDY
104,500089,Telangana,RANGAREDDY
105,506310,Telangana,Warangal
106,500029,Telangana,HYDERABAD
107,500019,Telangana,RANGAREDDY
108,342026,Rajasthan,JODHPUR
109,524201,Andhra Pradesh,NELLORE
110,500089,Telangana,RANGAREDDY
111,500068,Telangana,RANGAREDDY
112,522019,Andhra Pradesh,GUNTUR
113,503111,Telangana,KAMAREDDY
114,500011,Telangana,HYDERABAD
115,452001,Madhya Pradesh,INDORE
116,500044,Telangana,HYDERABAD
117,500068,Telangana,RANGAREDDY
118,500011,Telangana,HYDERABAD
119,247662,Uttar Pradesh,HARIDWAR
120,500044,Telangana,HYDERABAD
121,500014,Telangana,HYDERABAD
122,534001,Andhra Pradesh,WEST GODAVARI
123,500036,Telangana,RANGAREDDY
124,524003,Andhra Pradesh,NELLORE
125,452010,Madhya Pradesh,INDORE
126,500061,Telangana,HYDERABAD
127,560092,Karnataka,BENGALURU
128,500084,Telangana,RANGAREDDY
129,500083,Telangana,RANGAREDDY
130,486001,Madhya Pradesh,REWA
131,500090,Telangana,RANGAREDDY
132,502001,Telangana,SANGAREDDY
133,500035,Telangana,RANGAREDDY
134,452010,Madhya Pradesh,INDORE
135,500068,Telangana,RANGAREDDY
136,532460,Andhra Pradesh,SRIKAKULAM
137,500049,Telangana,Trimulgherry
138,501218,Telangana,RANGAREDDY
139,530027,Andhra Pradesh,VISAKHAPATNAM
140,534342,Andhra Pradesh,West Godavari
141,520011,Andhra Pradesh,KRISHNA
142,500070,Telangana,RANGAREDDY
143,501101,Telangana,HYDERABAD
144,520010,Andhra Pradesh,KRISHNA
145,505001,Telangana,KARIM NAGAR
146,500011,Telangana,HYDERABAD
147,521139,Andhra Pradesh,KRISHNA
148,500018,Telangana,RANGAREDDY
149,500055,Telangana,HYDERABAD
150,501505,Telangana,RANGAREDDY
151,508252,Telangana,BHONGIR
152,500013,Telangana,HYDERABAD
153,500054,Telangana,HYDERABAD
154,500072,Telangana,HYDERABAD
155,506009,Telangana,Warangal
156,500090,Telangana,RANGAREDDY
157,523301,Andhra Pradesh,PRAKASAM
158,500016,Telangana,HYDERABAD
159,502032,Telangana,SANGAREDDY
160,500050,Telangana,HYDERABAD
161,502103,Telangana,SIDDIPET
162,500013,Telangana,HYDERABAD
163,500019,Telangana,RANGAREDDY
164,500085,Telangana,HYDERABAD
165,502319,Telangana,SANGAREDDY
166,500034,Telangana,HYDERABAD
167,501510,Telangana,RANGAREDDY
168,500019,Telangana,RANGAREDDY
169,530026,Andhra Pradesh,VISAKHAPATNAM
170,500079,Telangana,RANGAREDDY
171,502108,Telangana,SIDDIPET
172,502319,Telangana,SANGAREDDY
173,500035,Telangana,RANGAREDDY
174,500085,Telangana,HYDERABAD
175,535002,Andhra Pradesh,VIZIANAGARAM
176,500019,Telangana,RANGAREDDY
177,500090,Telangana,RANGAREDDY
178,500090,Telangana,RANGAREDDY
179,500055,Telangana,HYDERABAD
180,500006,Telangana,HYDERABAD
181,506001,Telangana,Warangal
182,500016,Telangana,HYDERABAD
183,500089,Telangana,RANGAREDDY
184,500084,Telangana,RANGAREDDY
185,515001,Andhra Pradesh,ANANTHAPUR
186,525134,Andhra Pradesh,NELLORE
187,500049,Telangana,Trimulgherry
188,500091,Telangana,HYDERABAD
189,524305,Andhra Pradesh,NELLORE
190,453441,Madhya Pradesh,INDORE
191,500032,Telangana,RANGAREDDY
192,500019,Telangana,RANGAREDDY
193,500015,Telangana,HYDERABAD
194,530009,Andhra Pradesh,VISAKHAPATNAM
195,500049,Telangana,Trimulgherry
196,530026,Andhra Pradesh,VISAKHAPATNAM
197,534260,Andhra Pradesh,West Godavari
198,533106,Andhra Pradesh,EAST GODAVARI
199,500030,Telangana,RANGAREDDY
200,500072,Telangana,HYDERABAD
201,500044,Telangana,HYDERABAD
202,515201,Andhra Pradesh,Ananthapur
203,505001,Telangana,KARIM NAGAR
204,500068,Telangana,RANGAREDDY
205,524101,Andhra Pradesh,NELLORE
206,502032,Telangana,SANGAREDDY
207,500039,Telangana,RANGAREDDY
208,600100,Tamil Nadu,KANCHIPURAM
209,764059,Odisha,NABARANGAPUR
210,500079,Telangana,RANGAREDDY
211,501510,Telangana,RANGAREDDY
212,500018,Telangana,RANGAREDDY
213,524343,Andhra Pradesh,NELLORE
214,516390,Andhra Pradesh,KADAPA
215,502032,Telangana,SANGAREDDY
216,500035,Telangana,RANGAREDDY
217,824231,Bihar,GAYA
218,500089,Telangana,RANGAREDDY
219,500075,Telangana,RANGAREDDY
220,508001,Telangana,NALGONDA
221,522006,Andhra Pradesh,GUNTUR
222,501401,Telangana,RANGAREDDY
223,500020,Telangana,HYDERABAD
224,516003,Andhra Pradesh,KADAPA
225,500019,Telangana,RANGAREDDY
226,500055,Telangana,HYDERABAD
227,501401,Telangana,RANGAREDDY
228,500050,Telangana,HYDERABAD
229,523263,Andhra Pradesh,PRAKASAM
230,500010,Telangana,HYDERABAD
231,500089,Telangana,RANGAREDDY
232,500028,Telangana,HYDERABAD
233,504208,Telangana,MANCHERIAL
234,506001,Telangana,Warangal
235,507209,Telangana,KHAMMAM
236,509001,Telangana,MAHABUB NAGAR
237,500057,Telangana,HYDERABAD
238,505327,Telangana,JAGTIAL
239,502103,Telangana,SIDDIPET
240,500068,Telangana,RANGAREDDY
241,532421,Andhra Pradesh,SRIKAKULAM
242,500060,Telangana,RANGAREDDY
243,500018,Telangana,RANGAREDDY
244,500032,Telangana,RANGAREDDY
245,160062,Punjab,MOHALI
246,500089,Telangana,RANGAREDDY
247,531173,Andhra Pradesh,VISAKHAPATNAM
248,505473,Telangana,SIDDIPET
249,500072,Telangana,HYDERABAD
250,500008,Telangana,HYDERABAD
251,500086,Telangana,RANGAREDDY
252,503212,Telangana,NIZAMABAD
253,500090,Telangana,RANGAREDDY
254,500072,Telangana,HYDERABAD
255,500039,Telangana,RANGAREDDY
256,560091,Karnataka,BENGALURU RURAL
257,500084,Telangana,RANGAREDDY
258,507003,Telangana,KHAMMAM
259,500011,Telangana,HYDERABAD
260,523265,Andhra Pradesh,PRAKASAM
261,503111,Telangana,KAMAREDDY
262,500032,Telangana,RANGAREDDY
263,500018,Telangana,RANGAREDDY
264,500090,Telangana,RANGAREDDY
265,500072,Telangana,HYDERABAD
266,500089,Telangana,RANGAREDDY
267,500008,Telangana,HYDERABAD
268,530048,Andhra Pradesh,VISAKHAPATNAM
269,500055,Telangana,HYDERABAD
270,500013,Telangana,HYDERABAD
271,500008,Telangana,HYDERABAD
272,500050,Telangana,HYDERABAD
273,524001,Andhra Pradesh,NELLORE
274,752078,Odisha,NAYAGARH
275,504302,Telangana,MANCHERIAL
276,500072,Telangana,HYDERABAD
277,532284,Andhra Pradesh,SRIKAKULAM
278,516401,Andhra Pradesh,KADAPA
279,502032,Telangana,SANGAREDDY
280,500015,Telangana,HYDERABAD
281,523302,Andhra Pradesh,PRAKASAM
282,500047,Telangana,HYDERABAD
283,500085,Telangana,HYDERABAD
284,520012,Andhra Pradesh,KRISHNA
285,500061,Telangana,HYDERABAD
286,500072,Telangana,HYDERABAD
287,523247,Andhra Pradesh,PRAKASAM
288,500089,Telangana,RANGAREDDY
289,500068,Telangana,RANGAREDDY
290,500016,Telangana,HYDERABAD
291,504208,Telangana,MANCHERIAL
292,500061,Telangana,HYDERABAD
293,502032,Telangana,SANGAREDDY
294,834010,Jharkhand,RANCHI
295,505474,Telangana,KARIM NAGAR
296,713386,West Bengal,BARDHAMAN
297,500027,Telangana,HYDERABAD
298,500089,Telangana,RANGAREDDY
299,500072,Telangana,HYDERABAD
300,500008,Telangana,HYDERABAD
301,500036,Telangana,RANGAREDDY
302,500007,Telangana,HYDERABAD
303,500090,Telangana,RANGAREDDY
304,502319,Telangana,SANGAREDDY
305,500059,Telangana,HYDERABAD
306,500017,Telangana,HYDERABAD
307,500090,Telangana,RANGAREDDY
308,500018,Telangana,RANGAREDDY
309,500026,Telangana,HYDERABAD
310,500008,Telangana,HYDERABAD
311,500035,Telangana,RANGAREDDY
312,503001,Telangana,NIZAMABAD
313,504208,Telangana,MANCHERIAL
314,122001,Haryana,GURGAON
315,534176,Andhra Pradesh,West Godavari
316,495006,Chattisgarh,BILASPURCGH
317,502319,Telangana,SANGAREDDY
318,500045,Telangana,HYDERABAD
319,500084,Telangana,RANGAREDDY
320,500084,Telangana,RANGAREDDY
321,500019,Telangana,RANGAREDDY
322,500085,Telangana,HYDERABAD
323,500019,Telangana,RANGAREDDY
324,500008,Telangana,HYDERABAD
325,500089,Telangana,RANGAREDDY
326,530051,Andhra Pradesh,VISAKHAPATNAM
327,500016,Telangana,HYDERABAD
328,500089,Telangana,RANGAREDDY
329,500050,Telangana,HYDERABAD
330,500049,Telangana,Trimulgherry
331,522006,Andhra Pradesh,GUNTUR
332,625014,Tamil Nadu,MADURAI
333,533450,Andhra Pradesh,EAST GODAVARI
334,500049,Telangana,Trimulgherry
335,500089,Telangana,RANGAREDDY
336,500050,Telangana,HYDERABAD
337,508206,Telangana,SURYAPET
338,500089,Telangana,RANGAREDDY
339,500091,Telangana,HYDERABAD
340,500032,Telangana,RANGAREDDY
341,521201,Andhra Pradesh,KRISHNA
342,600119,Tamil Nadu,KANCHIPURAM
343,500084,Telangana,RANGAREDDY
344,524004,Andhra Pradesh,NELLORE
345,500049,Telangana,Trimulgherry
346,500089,Telangana,RANGAREDDY
347,500032,Telangana,RANGAREDDY
348,743144,West Bengal,NORTH 24 PARGANAS
349,500019,Telangana,RANGAREDDY
350,500094,Telangana,HYDERABAD
351,500050,Telangana,HYDERABAD
352,515001,Andhra Pradesh,ANANTHAPUR
353,520015,Andhra Pradesh,KRISHNA
354,522503,Andhra Pradesh,GUNTUR
355,500090,Telangana,RANGAREDDY
356,500019,Telangana,RANGAREDDY
357,500018,Telangana,RANGAREDDY
358,520011,Andhra Pradesh,KRISHNA
359,517501,Andhra Pradesh,CHITTOOR
360,500050,Telangana,HYDERABAD
361,500019,Telangana,RANGAREDDY
362,500054,Telangana,HYDERABAD
363,521301,Andhra Pradesh,KRISHNA
364,500079,Telangana,RANGAREDDY
365,506013,Telangana,Warangal
366,500049,Telangana,Trimulgherry
367,500018,Telangana,RANGAREDDY
368,521227,Andhra Pradesh,KRISHNA
369,502032,Telangana,SANGAREDDY
370,502108,Telangana,SIDDIPET
371,500090,Telangana,RANGAREDDY
372,500049,Telangana,Trimulgherry
373,502032,Telangana,SANGAREDDY
374,500089,Telangana,RANGAREDDY
375,502305,Telangana,SANGAREDDY
376,500090,Telangana,RANGAREDDY
377,500050,Telangana,HYDERABAD
378,607001,Tamil Nadu,CUDDALORE
379,500055,Telangana,HYDERABAD
380,440022,Maharashtra,Nagpur
381,500056,Telangana,HYDERABAD
382,500089,Telangana,RANGAREDDY
383,506002,Telangana,Warangal
384,500091,Telangana,HYDERABAD
385,516269,Andhra Pradesh,KADAPA
386,500005,Telangana,RANGAREDDY
387,500032,Telangana,RANGAREDDY
388,500084,Telangana,RANGAREDDY
389,500005,Telangana,RANGAREDDY
390,500019,Telangana,RANGAREDDY
391,500076,Telangana,RANGAREDDY
392,500072,Telangana,HYDERABAD
393,500072,Telangana,HYDERABAD
394,504296,Telangana,MANCHERIAL
395,500016,Telangana,HYDERABAD
396,452009,Madhya Pradesh,INDORE
397,500090,Telangana,RANGAREDDY
398,502291,Telangana,SANGAREDDY
399,834009,Jharkhand,RANCHI
400,532001,Andhra Pradesh,SRIKAKULAM
401,110001,Delhi,CENTRAL DELHI
402,515001,Andhra Pradesh,ANANTHAPUR
403,276131,Uttar Pradesh,AZAMGARH
404,500089,Telangana,RANGAREDDY
405,500090,Telangana,RANGAREDDY
406,500014,Telangana,HYDERABAD
407,500011,Telangana,HYDERABAD
408,500034,Telangana,HYDERABAD
409,502103,Telangana,SIDDIPET
410,500062,Telangana,HYDERABAD
411,500055,Telangana,HYDERABAD
412,522426,Andhra Pradesh,GUNTUR
413,500039,Telangana,RANGAREDDY
414,500032,Telangana,RANGAREDDY
415,521121,Andhra Pradesh,Krishna
416,503224,Telangana,NIZAMABAD
417,450001,Madhya Pradesh,KHANDWA
418,854203,Bihar,PURNIA
419,534305,Andhra Pradesh,West Godavari
420,500050,Telangana,HYDERABAD
421,500038,Telangana,HYDERABAD
422,535101,Andhra Pradesh,VIZIANAGARAM
423,500097,Telangana,RANGAREDDY
424,530018,Andhra Pradesh,VISAKHAPATNAM
425,500047,Telangana,HYDERABAD
426,516101,Andhra Pradesh,KADAPA
427,505211,Telangana,PEDDAPALLI
428,500068,Telangana,RANGAREDDY
429,500090,Telangana,RANGAREDDY
430,500081,Telangana,HYDERABAD
431,500086,Telangana,RANGAREDDY
432,500002,Telangana,HYDERABAD
433,825301,Jharkhand,HAZARIBAG
434,500011,Telangana,HYDERABAD
435,501359,Telangana,RANGAREDDY
436,500018,Telangana,RANGAREDDY
437,500013,Telangana,HYDERABAD
438,500090,Telangana,RANGAREDDY
439,500075,Telangana,RANGAREDDY
440,506001,Telangana,Warangal
441,504001,Telangana,ADILABAD
442,500014,Telangana,HYDERABAD
443,500067,Telangana,RANGAREDDY
444,500001,Telangana,HYDERABAD
445,508114,Telangana,NALGONDA
446,500085,Telangana,HYDERABAD
447,500032,Telangana,RANGAREDDY
448,508207,Telangana,NALGONDA
449,521456,Andhra Pradesh,KRISHNA
450,500020,Telangana,HYDERABAD
451,500052,Telangana,RANGAREDDY
452,500089,Telangana,RANGAREDDY
453,533002,Andhra Pradesh,EAST GODAVARI
454,500090,Telangana,RANGAREDDY
455,502319,Telangana,SANGAREDDY
456,500050,Telangana,HYDERABAD
457,500032,Telangana,RANGAREDDY
458,504001,Telangana,ADILABAD
459,502001,Telangana,SANGAREDDY
460,500049,Telangana,Trimulgherry
461,500035,Telangana,RANGAREDDY
462,500049,Telangana,Trimulgherry
463,506132,Telangana,Warangal
464,522402,Andhra Pradesh,GUNTUR
465,500053,Telangana,HYDERABAD
466,534269,Andhra Pradesh,West Godavari
467,502032,Telangana,SANGAREDDY
468,500032,Telangana,RANGAREDDY
469,500013,Telangana,HYDERABAD
470,520012,Andhra Pradesh,KRISHNA
471,500048,Telangana,RANGAREDDY
472,500050,Telangana,HYDERABAD
473,518134,Andhra Pradesh,KURNOOL
474,502032,Telangana,SANGAREDDY
475,502032,Telangana,SANGAREDDY
476,500049,Telangana,Trimulgherry
477,520013,Andhra Pradesh,KRISHNA
478,500084,Telangana,RANGAREDDY
479,500089,Telangana,RANGAREDDY
480,500097,Telangana,RANGAREDDY
481,515004,Andhra Pradesh,ANANTHAPUR
482,524345,Andhra Pradesh,NELLORE
483,500011,Telangana,HYDERABAD
484,500072,Telangana,HYDERABAD
485,500014,Telangana,HYDERABAD
486,500049,Telangana,Trimulgherry
487,506009,Telangana,Warangal
488,500020,Telangana,HYDERABAD
489,508211,Telangana,NALGONDA
490,501505,Telangana,RANGAREDDY
491,500050,Telangana,HYDERABAD
492,530046,Andhra Pradesh,VISAKHAPATNAM
493,524201,Andhra Pradesh,NELLORE
494,531001,Andhra Pradesh,VISAKHAPATNAM
495,517503,Andhra Pradesh,CHITTOOR
496,505001,Telangana,KARIM NAGAR
497,534245,Andhra Pradesh,West Godavari
498,500090,Telangana,RANGAREDDY
499,503224,Telangana,NIZAMABAD
500,532430,Andhra Pradesh,SRIKAKULAM
501,500029,Telangana,HYDERABAD
502,500011,Telangana,HYDERABAD
503,500048,Telangana,RANGAREDDY
504,521108,Andhra Pradesh,KRISHNA
505,500018,Telangana,RANGAREDDY
506,500091,Telangana,HYDERABAD
507,500053,Telangana,HYDERABAD
508,535501,Andhra Pradesh,VIZIANAGARAM
509,500013,Telangana,HYDERABAD
510,500018,Telangana,RANGAREDDY
511,500055,Telangana,HYDERABAD
512,500049,Telangana,Trimulgherry
513,500072,Telangana,HYDERABAD
514,500070,Telangana,RANGAREDDY
515,500049,Telangana,Trimulgherry
516,522402,Andhra Pradesh,GUNTUR
517,500054,Telangana,HYDERABAD
518,522265,Andhra Pradesh,Guntur
519,502032,Telangana,SANGAREDDY
520,500081,Telangana,HYDERABAD
521,506002,Telangana,Warangal
522,500045,Telangana,HYDERABAD
523,500050,Telangana,HYDERABAD
524,500062,Telangana,HYDERABAD
525,855107,Bihar,KISHANGANJ
526,509103,Telangana,WANAPARTHY
527,521151,Andhra Pradesh,KRISHNA
528,500090,Telangana,RANGAREDDY
529,505474,Telangana,KARIM NAGAR
530,502032,Telangana,SANGAREDDY
531,201014,Uttar Pradesh,GHAZIABAD
532,508001,Telangana,NALGONDA
533,508218,Telangana,SURYAPET
534,535128,Andhra Pradesh,VIZIANAGARAM
535,500070,Telangana,RANGAREDDY
536,534123,Andhra Pradesh,West Godavari
537,500019,Telangana,RANGAREDDY
538,500018,Telangana,RANGAREDDY
539,500048,Telangana,RANGAREDDY
540,517126,Andhra Pradesh,Chittoor
541,500003,Telangana,HYDERABAD
542,500091,Telangana,HYDERABAD
543,500049,Telangana,Trimulgherry
544,500091,Telangana,HYDERABAD
545,500089,Telangana,RANGAREDDY
546,500090,Telangana,RANGAREDDY
547,500035,Telangana,RANGAREDDY
548,500090,Telangana,RANGAREDDY
549,500032,Telangana,RANGAREDDY
550,500089,Telangana,RANGAREDDY
551,500085,Telangana,HYDERABAD
552,506002,Telangana,Warangal
553,500026,Telangana,HYDERABAD
554,505001,Telangana,KARIM NAGAR
555,324002,Rajasthan,KOTA
556,500019,Telangana,RANGAREDDY
557,501503,Telangana,RANGAREDDY
558,500072,Telangana,HYDERABAD
559,500019,Telangana,RANGAREDDY
560,686003,Kerala,KOTTAYAM
561,505402,Telangana,SIRCILLA
562,506002,Telangana,Warangal
563,504215,Andhra Pradesh,PRAKASAM
564,500015,Telangana,HYDERABAD
565,523247,Andhra Pradesh,PRAKASAM
566,500094,Telangana,HYDERABAD
567,509131,Telangana,WANAPARTHY
568,521211,Andhra Pradesh,KRISHNA
569,500044,Telangana,HYDERABAD
570,741235,West Bengal,NADIA
571,500072,Telangana,HYDERABAD
572,500010,Telangana,HYDERABAD
573,500091,Telangana,HYDERABAD
574,507111,Telangana,KOTHAGUDEM COLLS
575,500045,Telangana,HYDERABAD
576,500061,Telangana,HYDERABAD
577,502032,Telangana,SANGAREDDY
578,506310,Telangana,Warangal
579,500072,Telangana,HYDERABAD
580,502032,Telangana,SANGAREDDY
581,500089,Telangana,RANGAREDDY
582,523157,Andhra Pradesh,PRAKASAM
583,500056,Telangana,HYDERABAD
584,700136,West Bengal,NORTH 24 PARGANAS
585,560064,Karnataka,BENGALURU
586,502032,Telangana,SANGAREDDY
587,534101,Andhra Pradesh,West Godavari
588,500085,Telangana,HYDERABAD
589,518501,Andhra Pradesh,KURNOOL
590,500070,Telangana,RANGAREDDY
591,501218,Telangana,RANGAREDDY
592,560045,Karnataka,BENGALURU
593,273008,Uttar Pradesh,Gorakhpur
594,500068,Telangana,RANGAREDDY
595,501510,Telangana,RANGAREDDY
596,523187,Andhra Pradesh,PRAKASAM
597,415612,Maharashtra,RATNAGIRI
598,517501,Andhra Pradesh,CHITTOOR
599,532440,Andhra Pradesh,SRIKAKULAM
600,500089,Telangana,RANGAREDDY
601,500090,Telangana,RANGAREDDY
602,506001,Telangana,Warangal
603,535002,Andhra Pradesh,VIZIANAGARAM
604,500047,Telangana,HYDERABAD
605,462042,Madhya Pradesh,BHOPAL
606,500061,Telangana,HYDERABAD
607,516104,Andhra Pradesh,KADAPA
608,500076,Telangana,RANGAREDDY
609,533294,Andhra Pradesh,EAST GODAVARI
610,508213,Telangana,SURYAPET
611,500090,Telangana,RANGAREDDY
612,506172,Telangana,Warangal
613,500037,Telangana,RANGAREDDY
614,500072,Telangana,HYDERABAD
615,534328,Andhra Pradesh,West Godavari
616,500050,Telangana,HYDERABAD
617,500019,Telangana,RANGAREDDY
618,814112,Jharkhand,DEOGHAR
619,500089,Telangana,RANGAREDDY
620,500058,Telangana,RANGAREDDY
621,500081,Telangana,HYDERABAD
622,533105,Andhra Pradesh,EAST GODAVARI
623,500089,Telangana,RANGAREDDY
624,535003,Andhra Pradesh,VIZIANAGARAM
625,523346,Andhra Pradesh,PRAKASAM
626,500018,Telangana,RANGAREDDY
627,600062,Tamil Nadu,TIRUVALLUR
628,500083,Telangana,RANGAREDDY
629,500050,Telangana,HYDERABAD
630,500020,Telangana,HYDERABAD
631,500018,Telangana,RANGAREDDY
632,522649,Andhra Pradesh,GUNTUR
633,500089,Telangana,RANGAREDDY
634,523225,Andhra Pradesh,PRAKASAM
635,500055,Telangana,HYDERABAD
636,500050,Telangana,HYDERABAD
637,500049,Telangana,Trimulgherry
638,500090,Telangana,RANGAREDDY
639,502032,Telangana,SANGAREDDY
640,509301,Telangana,MAHABUB NAGAR
641,521263,Andhra Pradesh,KRISHNA
642,500060,Telangana,RANGAREDDY
643,500018,Telangana,RANGAREDDY
644,508248,Telangana,NALGONDA
645,502032,Telangana,SANGAREDDY
646,500013,Telangana,HYDERABAD
647,500072,Telangana,HYDERABAD
648,500090,Telangana,RANGAREDDY
649,533005,Andhra Pradesh,EAST GODAVARI
650,500053,Telangana,HYDERABAD
651,500089,Telangana,RANGAREDDY
652,500049,Telangana,Trimulgherry
653,523001,Andhra Pradesh,PRAKASAM
654,500028,Telangana,HYDERABAD
655,500025,Telangana,HYDERABAD
656,500019,Telangana,RANGAREDDY
657,761200,Odisha,GAJAPATI
658,535501,Andhra Pradesh,VIZIANAGARAM
659,500019,Telangana,RANGAREDDY
660,360490,Gujarat,RAJKOT
661,586201,Karnataka,BIJAPUR(KAR)
662,500018,Telangana,RANGAREDDY
663,506009,Telangana,Warangal
664,761020,Odisha,GANJAM
665,500033,Telangana,HYDERABAD
666,524201,Andhra Pradesh,NELLORE
667,521001,Andhra Pradesh,Krishna
668,532123,Andhra Pradesh,SRIKAKULAM
669,500014,Telangana,HYDERABAD
670,500049,Telangana,Trimulgherry
671,530016,Andhra Pradesh,VISAKHAPATNAM
672,500019,Telangana,RANGAREDDY
673,500016,Telangana,HYDERABAD
674,500013,Telangana,HYDERABAD
675,500038,Telangana,HYDERABAD
676,500089,Telangana,RANGAREDDY
677,500049,Telangana,Trimulgherry
678,500050,Telangana,HYDERABAD
679,226022,Uttar Pradesh,LUCKNOW
680,507160,Telangana,KHAMMAM
681,500049,Telangana,Trimulgherry
682,500089,Telangana,RANGAREDDY
683,531026,Andhra Pradesh,VISAKHAPATNAM
684,500072,Telangana,HYDERABAD
685,585104,Karnataka,KALABURAGI
686,500049,Telangana,Trimulgherry
687,500032,Telangana,RANGAREDDY
688,500032,Telangana,RANGAREDDY
689,532401,Andhra Pradesh,SRIKAKULAM
690,500090,Telangana,RANGAREDDY
691,753008,Odisha,CUTTACK
692,452006,Madhya Pradesh,INDORE
693,500010,Telangana,HYDERABAD
694,533229,Andhra Pradesh,East Godavari
695,500089,Telangana,RANGAREDDY
696,500097,Telangana,RANGAREDDY
697,500090,Telangana,RANGAREDDY
698,302019,Rajasthan,JAIPUR
699,506001,Telangana,Warangal
700,500019,Telangana,RANGAREDDY
701,342001,Rajasthan,JODHPUR
702,518001,Andhra Pradesh,Kurnool
703,500079,Telangana,RANGAREDDY
704,506002,Telangana,Warangal
705,481880,Madhya Pradesh,DINDORI
706,500036,Telangana,RANGAREDDY
707,500068,Telangana,RANGAREDDY
708,201304,Uttar Pradesh,GAUTAM BUDDHA NAGAR
709,530051,Andhra Pradesh,VISAKHAPATNAM
710,500049,Telangana,Trimulgherry
711,500049,Telangana,Trimulgherry
712,502032,Telangana,SANGAREDDY
713,700035,West Bengal,KOLKATA
714,515001,Andhra Pradesh,ANANTHAPUR
715,502032,Telangana,SANGAREDDY
716,500062,Telangana,HYDERABAD
717,500085,Telangana,HYDERABAD
718,532460,Andhra Pradesh,SRIKAKULAM
719,502032,Telangana,SANGAREDDY
720,560076,Karnataka,BENGALURU
721,500018,Telangana,RANGAREDDY
722,500018,Telangana,RANGAREDDY
723,500049,Telangana,Trimulgherry
724,533234,Andhra Pradesh,EAST GODAVARI
725,502319,Telangana,SANGAREDDY
726,506112,Telangana,Warangal
727,500050,Telangana,HYDERABAD
728,533212,Andhra Pradesh,East Godavari
729,500019,Telangana,RANGAREDDY
730,500028,Telangana,HYDERABAD
731,248001,Uttarakhand,DEHRADUN
732,577201,Karnataka,SHIVAMOGGA
733,500050,Telangana,HYDERABAD
734,500018,Telangana,RANGAREDDY
735,500046,Telangana,RANGAREDDY
736,500020,Telangana,HYDERABAD
737,533428,Andhra Pradesh,EAST GODAVARI
738,500014,Telangana,HYDERABAD
739,500072,Telangana,HYDERABAD
740,500070,Telangana,RANGAREDDY
741,502334,Telangana,MEDAK
742,500076,Telangana,RANGAREDDY
743,500033,Telangana,HYDERABAD
744,500068,Telangana,RANGAREDDY
745,500049,Telangana,Trimulgherry
746,831001,Jharkhand,EAST SINGHBHUM
747,500032,Telangana,RANGAREDDY
748,500019,Telangana,RANGAREDDY
749,500089,Telangana,RANGAREDDY
750,508112,Telangana,BHONGIR
751,500008,Telangana,HYDERABAD
752,501203,Telangana,RANGAREDDY
753,535101,Andhra Pradesh,VIZIANAGARAM
754,500072,Telangana,HYDERABAD
755,411041,Maharashtra,PUNE
756,530028,Andhra Pradesh,VISAKHAPATNAM
757,535003,Andhra Pradesh,VIZIANAGARAM
758,534222,Andhra Pradesh,West Godavari
759,508207,Telangana,NALGONDA
760,523105,Andhra Pradesh,PRAKASAM
761,507115,Telangana,KOTHAGUDEM
762,500089,Telangana,RANGAREDDY
763,500050,Telangana,HYDERABAD
764,524322,Andhra Pradesh,NELLORE
765,500090,Telangana,RANGAREDDY
766,401074,Maharashtra,THANE
767,500098,Telangana,RANGAREDDY
768,500089,Telangana,RANGAREDDY
769,524002,Andhra Pradesh,NELLORE
770,444303,Maharashtra,BULDHANA
771,534101,Andhra Pradesh,West Godavari
772,505001,Telangana,KARIM NAGAR
773,451666,Madhya Pradesh,BARWANI
774,500054,Telangana,HYDERABAD
775,521108,Andhra Pradesh,KRISHNA
776,500008,Telangana,HYDERABAD
777,506001,Telangana,Warangal
778,506101,Telangana,Warangal
779,500073,Telangana,HYDERABAD
780,521121,Andhra Pradesh,Krishna
781,506001,Telangana,Warangal
782,500084,Telangana,RANGAREDDY
783,521121,Andhra Pradesh,Krishna
784,522002,Andhra Pradesh,GUNTUR
785,500089,Telangana,RANGAREDDY
786,534122,Andhra Pradesh,West Godavari
787,508207,Telangana,NALGONDA
788,500087,Telangana,HYDERABAD
789,505184,Telangana,PEDDAPALLI
790,500013,Telangana,HYDERABAD
791,533249,Andhra Pradesh,East Godavari
792,509103,Telangana,WANAPARTHY
793,500089,Telangana,RANGAREDDY
794,516269,Andhra Pradesh,KADAPA
795,500061,Telangana,HYDERABAD
796,500019,Telangana,RANGAREDDY
797,500088,Telangana,HYDERABAD
798,503001,Telangana,NIZAMABAD
799,500076,Telangana,RANGAREDDY
800,500072,Telangana,HYDERABAD
801,521104,Andhra Pradesh,KRISHNA
802,500075,Telangana,RANGAREDDY
803,500090,Telangana,RANGAREDDY
804,500050,Telangana,HYDERABAD
805,500033,Telangana,HYDERABAD
806,500049,Telangana,Trimulgherry
807,500084,Telangana,RANGAREDDY
808,500008,Telangana,HYDERABAD
809,500019,Telangana,RANGAREDDY
810,831011,Jharkhand,EAST SINGHBHUM
811,500065,Telangana,HYDERABAD
812,500090,Telangana,RANGAREDDY
813,524305,Andhra Pradesh,NELLORE
814,500086,Telangana,RANGAREDDY
815,500097,Telangana,RANGAREDDY
816,444303,Maharashtra,BULDHANA
817,500089,Telangana,RANGAREDDY
818,503122,Telangana,KAMAREDDY
819,454449,Madhya Pradesh,DHAR
820,500005,Telangana,RANGAREDDY
821,500075,Telangana,RANGAREDDY
822,500019,Telangana,RANGAREDDY
823,505209,Telangana,PEDDAPALLI
824,500084,Telangana,RANGAREDDY
825,392001,Gujarat,BHARUCH
826,522413,Andhra Pradesh,GUNTUR
827,500055,Telangana,HYDERABAD
828,462030,Madhya Pradesh,BHOPAL
829,517501,Andhra Pradesh,CHITTOOR
830,500098,Telangana,RANGAREDDY
831,500008,Telangana,HYDERABAD
832,502032,Telangana,SANGAREDDY
833,521131,Andhra Pradesh,Krishna
834,533104,Andhra Pradesh,EAST GODAVARI
835,500028,Telangana,HYDERABAD
836,500075,Telangana,RANGAREDDY
837,500006,Telangana,HYDERABAD
838,534324,Andhra Pradesh,West Godavari
839,500017,Telangana,HYDERABAD
840,500084,Telangana,RANGAREDDY
841,521301,Andhra Pradesh,KRISHNA
842,500085,Telangana,HYDERABAD
843,506001,Telangana,Warangal
844,500086,Telangana,RANGAREDDY
845,522001,Andhra Pradesh,GUNTUR
846,524310,Andhra Pradesh,NELLORE
847,509104,Telangana,WANAPARTHY
848,284002,Uttar Pradesh,JHANSI
849,500072,Telangana,HYDERABAD
850,500048,Telangana,RANGAREDDY
851,500084,Telangana,RANGAREDDY
852,500050,Telangana,HYDERABAD
853,500008,Telangana,HYDERABAD
854,515741,Andhra Pradesh,ANANTHAPUR
855,500027,Telangana,HYDERABAD
856,500019,Telangana,RANGAREDDY
857,500072,Telangana,HYDERABAD
858,500049,Telangana,Trimulgherry
859,523201,Andhra Pradesh,PRAKASAM
860,502319,Telangana,SANGAREDDY
861,532440,Andhra Pradesh,SRIKAKULAM
862,523001,Andhra Pradesh,PRAKASAM
863,500003,Telangana,HYDERABAD
864,522019,Andhra Pradesh,GUNTUR
865,500018,Telangana,RANGAREDDY
866,834002,Jharkhand,RANCHI
867,523105,Andhra Pradesh,PRAKASAM
868,500033,Telangana,HYDERABAD
869,500018,Telangana,RANGAREDDY
870,500084,Telangana,RANGAREDDY
871,396191,Gujarat,VALSAD
872,500090,Telangana,RANGAREDDY
873,500023,Telangana,HYDERABAD
874,768001,Odisha,SAMBALPUR
875,500011,Telangana,HYDERABAD
876,500074,Telangana,RANGAREDDY
877,500045,Telangana,HYDERABAD
878,521235,Andhra Pradesh,KRISHNA
879,500089,Telangana,RANGAREDDY
880,504296,Telangana,MANCHERIAL
881,521214,Andhra Pradesh,KRISHNA
882,503201,Telangana,NIZAMABAD
883,509001,Telangana,MAHABUB NAGAR
884,500037,Telangana,RANGAREDDY
885,500025,Telangana,HYDERABAD
886,515801,Andhra Pradesh,ANANTHAPUR
887,516110,Andhra Pradesh,KADAPA
888,523201,Andhra Pradesh,PRAKASAM
889,500072,Telangana,HYDERABAD
890,444805,Maharashtra,AMRAVATI
891,500075,Telangana,RANGAREDDY
892,500015,Telangana,HYDERABAD
893,500062,Telangana,HYDERABAD
894,500074,Telangana,RANGAREDDY
895,422003,Maharashtra,NASHIK
896,500070,Telangana,RANGAREDDY
897,523230,Andhra Pradesh,PRAKASAM
898,500097,Telangana,RANGAREDDY
899,500090,Telangana,RANGAREDDY
900,500089,Telangana,RANGAREDDY
901,828306,Jharkhand,DHANBAD
902,532430,Andhra Pradesh,SRIKAKULAM
903,500011,Telangana,HYDERABAD
904,506001,Telangana,Warangal
905,524004,Andhra Pradesh,NELLORE
906,500018,Telangana,RANGAREDDY
907,500018,Telangana,RANGAREDDY
908,504231,Telangana,MANCHERIAL
909,500019,Telangana,RANGAREDDY
910,500019,Telangana,RANGAREDDY
911,500055,Telangana,HYDERABAD
912,452010,Madhya Pradesh,INDORE
913,500046,Telangana,RANGAREDDY
914,535558,Andhra Pradesh,VIZIANAGARAM
915,500047,Telangana,HYDERABAD
916,522603,Andhra Pradesh,GUNTUR
917,523157,Andhra Pradesh,PRAKASAM
918,534211,Andhra Pradesh,West Godavari
919,505001,Telangana,KARIM NAGAR
920,500090,Telangana,RANGAREDDY
921,500037,Telangana,RANGAREDDY
922,521230,Andhra Pradesh,KRISHNA
923,517172,Andhra Pradesh,CHITTOOR
924,500072,Telangana,HYDERABAD
925,522421,Andhra Pradesh,GUNTUR
926,500019,Telangana,RANGAREDDY
927,533005,Andhra Pradesh,EAST GODAVARI
928,500003,Telangana,HYDERABAD
929,462003,Madhya Pradesh,BHOPAL
930,500072,Telangana,HYDERABAD
931,504103,Telangana,NIRMAL
932,516172,Andhra Pradesh,KADAPA
933,521401,Andhra Pradesh,KRISHNA
934,500097,Telangana,HYDERABAD
935,533005,Andhra Pradesh,EAST GODAVARI
936,500072,Telangana,HYDERABAD
937,500019,Telangana,RANGAREDDY
938,500019,Telangana,RANGAREDDY
939,521105,Andhra Pradesh,KRISHNA
940,507003,Telangana,KHAMMAM
941,504231,Telangana,MANCHERIAL
942,508213,Telangana,SURYAPET
943,502319,Telangana,SANGAREDDY
944,506001,Telangana,Warangal
945,500032,Telangana,RANGAREDDY
946,500039,Telangana,RANGAREDDY
947,786125,Assam,TINSUKIA
948,506002,Telangana,Warangal
949,521185,Andhra Pradesh,KRISHNA
950,500072,Telangana,HYDERABAD
951,500085,Telangana,HYDERABAD
952,411028,Maharashtra,Pune
953,500098,Telangana,RANGAREDDY
954,507303,Telangana,KOTHAGUDEM
955,500086,Telangana,RANGAREDDY
956,500100,Telangana,RANGAREDDY
957,500036,Telangana,RANGAREDDY
958,502319,Telangana,SANGAREDDY
959,500059,Telangana,HYDERABAD
960,505326,Telangana,JAGTIAL
961,508204,Telangana,SURYAPET
962,500090,Telangana,RANGAREDDY
963,524405,Andhra Pradesh,NELLORE
964,500038,Telangana,HYDERABAD
965,517408,Andhra Pradesh,Chittoor
966,521001,Andhra Pradesh,Krishna
967,500046,Telangana,RANGAREDDY
968,518543,Andhra Pradesh,KURNOOL
969,502001,Telangana,SANGAREDDY
970,500050,Telangana,HYDERABAD
971,502032,Telangana,SANGAREDDY
972,500050,Telangana,HYDERABAD
973,486001,Madhya Pradesh,REWA
974,516434,Andhra Pradesh,KADAPA
975,500039,Telangana,RANGAREDDY
976,508255,Telangana,NALGONDA
977,248008,Uttarakhand,DEHRADUN
978,492001,Chattisgarh,RAIPUR
979,530024,Andhra Pradesh,VISAKHAPATNAM
980,500032,Telangana,RANGAREDDY
981,500008,Telangana,HYDERABAD
982,500050,Telangana,HYDERABAD
983,753004,Odisha,CUTTACK
984,462030,Madhya Pradesh,BHOPAL
985,500072,Telangana,HYDERABAD
986,523264,Andhra Pradesh,PRAKASAM
987,500026,Telangana,HYDERABAD
988,500050,Telangana,HYDERABAD
989,500018,Telangana,RANGAREDDY
990,600126,Tamil Nadu,KANCHIPURAM
991,523240,Andhra Pradesh,PRAKASAM
992,500049,Telangana,Trimulgherry
993,505001,Telangana,KARIM NAGAR
994,500048,Telangana,RANGAREDDY
995,506001,Telangana,Warangal
996,500049,Telangana,Trimulgherry
997,500089,Telangana,RANGAREDDY
998,500043,Telangana,HYDERABAD
999,453441,Madhya Pradesh,INDORE
1000,500019,Telangana,RANGAREDDY
1001,500090,Telangana,RANGAREDDY
1002,500086,Telangana,RANGAREDDY
1003,500032,Telangana,RANGAREDDY
1004,500049,Telangana,Trimulgherry
1005,500074,Telangana,RANGAREDDY
1006,500024,Telangana,HYDERABAD
1007,506371,Telangana,Warangal
1008,502032,Telangana,SANGAREDDY
1009,500016,Telangana,HYDERABAD
1010,532322,Andhra Pradesh,SRIKAKULAM
1011,500049,Telangana,Trimulgherry
1012,500045,Telangana,HYDERABAD
1013,523357,Andhra Pradesh,PRAKASAM
1014,400606,Maharashtra,THANE
1015,508248,Telangana,NALGONDA
1016,500032,Telangana,RANGAREDDY
1017,600097,Tamil Nadu,KANCHIPURAM
1018,500058,Telangana,RANGAREDDY
1019,524126,Andhra Pradesh,NELLORE
1020,507002,Telangana,KHAMMAM
1021,500013,Telangana,HYDERABAD
1022,522256,Andhra Pradesh,Guntur
1023,523241,Andhra Pradesh,PRAKASAM
1024,522315,Andhra Pradesh,Guntur
1025,517501,Andhra Pradesh,CHITTOOR
1026,533406,Andhra Pradesh,EAST GODAVARI
1027,500081,Telangana,HYDERABAD
1028,500050,Telangana,HYDERABAD
1029,500008,Telangana,HYDERABAD
1030,500018,Telangana,RANGAREDDY
1031,500090,Telangana,RANGAREDDY
1032,500019,Telangana,RANGAREDDY
1033,521227,Andhra Pradesh,KRISHNA
1034,523001,Andhra Pradesh,PRAKASAM
1035,500091,Telangana,HYDERABAD
1036,600073,Tamil Nadu,KANCHIPURAM
1037,533253,Andhra Pradesh,East Godavari
1038,244001,Uttar Pradesh,MORADABAD
1039,751012,Odisha,KHORDA
1040,500019,Telangana,RANGAREDDY
1041,521139,Andhra Pradesh,KRISHNA
1042,500094,Telangana,HYDERABAD
1043,520002,Andhra Pradesh,KRISHNA
1044,500027,Telangana,HYDERABAD
1045,500084,Telangana,RANGAREDDY
1046,500010,Telangana,HYDERABAD
1047,500072,Telangana,HYDERABAD
1048,765017,Odisha,RAYAGADA
1049,500072,Telangana,HYDERABAD
1050,524003,Andhra Pradesh,NELLORE
1051,500010,Telangana,HYDERABAD
1052,500032,Telangana,RANGAREDDY
1053,534467,Andhra Pradesh,WEST GODAVARI
1054,500049,Telangana,Trimulgherry
1055,500081,Telangana,HYDERABAD
1056,532001,Andhra Pradesh,SRIKAKULAM
1057,500090,Telangana,RANGAREDDY
1058,500050,Telangana,HYDERABAD
1059,500046,Telangana,RANGAREDDY
1060,507169,Telangana,KHAMMAM
1061,501510,Telangana,RANGAREDDY
1062,500068,Telangana,RANGAREDDY
1063,500054,Telangana,HYDERABAD
1064,500047,Telangana,HYDERABAD
1065,751016,Odisha,KHORDA
1066,524341,Andhra Pradesh,NELLORE
1067,521201,Andhra Pradesh,KRISHNA
1068,581346,Karnataka,Uttara Kannada
1069,500072,Telangana,HYDERABAD
1070,500090,Telangana,RANGAREDDY
1071,523357,Andhra Pradesh,PRAKASAM
1072,500084,Telangana,HYDERABAD
1073,521121,Andhra Pradesh,Krishna
1074,500018,Telangana,RANGAREDDY
1075,495677,Chattisgarh,KORBA
1076,500072,Telangana,HYDERABAD
1077,444303,Maharashtra,BULDHANA
1078,508213,Telangana,SURYAPET
1079,500090,Telangana,RANGAREDDY
1080,517569,Andhra Pradesh,CHITTOOR
1081,534146,Andhra Pradesh,West Godavari
1082,465661,Madhya Pradesh,RAJGARH
1083,521001,Andhra Pradesh,Krishna
1084,500075,Telangana,RANGAREDDY
1085,751002,Odisha,KHORDA
1086,500089,Telangana,RANGAREDDY
1087,521165,Andhra Pradesh,KRISHNA
1088,521108,Andhra Pradesh,KRISHNA
1089,585101,Karnataka,KALABURAGI
1090,500004,Telangana,HYDERABAD
1091,502032,Telangana,SANGAREDDY
1092,516172,Andhra Pradesh,KADAPA
1093,500019,Telangana,RANGAREDDY
1094,500075,Telangana,RANGAREDDY
1095,534202,Andhra Pradesh,West Godavari
1096,500044,Telangana,HYDERABAD
1097,522001,Andhra Pradesh,GUNTUR
1098,518501,Andhra Pradesh,KURNOOL
1099,500017,Telangana,HYDERABAD
1100,523316,Andhra Pradesh,PRAKASAM
1101,500055,Telangana,HYDERABAD
1102,500018,Telangana,RANGAREDDY
1103,500032,Telangana,RANGAREDDY
1104,500016,Telangana,HYDERABAD
1105,825102,Jharkhand,BOKARO
1106,500016,Telangana,HYDERABAD
1107,523002,Andhra Pradesh,PRAKASAM
1108,521201,Andhra Pradesh,KRISHNA
1109,500027,Telangana,HYDERABAD
1110,500081,Telangana,HYDERABAD
1111,500039,Telangana,RANGAREDDY
1112,500010,Telangana,HYDERABAD
1113,533107,Andhra Pradesh,EAST GODAVARI
1114,534260,Andhra Pradesh,West Godavari
1115,500010,Telangana,HYDERABAD
1116,500059,Telangana,HYDERABAD
1117,500080,Telangana,HYDERABAD
1118,226020,Uttar Pradesh,LUCKNOW
1119,507209,Telangana,KHAMMAM
1120,500032,Telangana,RANGAREDDY
1121,500046,Telangana,RANGAREDDY
1122,500019,Telangana,RANGAREDDY
1123,500049,Telangana,Trimulgherry
1124,516380,Andhra Pradesh,KADAPA
1125,522414,Andhra Pradesh,GUNTUR
1126,500079,Telangana,RANGAREDDY
1127,503111,Telangana,KAMAREDDY
1128,500050,Telangana,HYDERABAD
1129,500020,Telangana,HYDERABAD
1130,500072,Telangana,HYDERABAD
1131,605007,Pondicherry,PONDICHERRY
1132,508202,Telangana,NALGONDA
1133,530016,Andhra Pradesh,VISAKHAPATNAM
1134,500048,Telangana,RANGAREDDY
1135,500089,Telangana,RANGAREDDY
1136,400080,Maharashtra,MUMBAI
1137,506391,Telangana,Warangal
1138,505001,Telangana,KARIM NAGAR
1139,500090,Telangana,RANGAREDDY
1140,533102,Andhra Pradesh,EAST GODAVARI
1141,500060,Telangana,RANGAREDDY
1142,500084,Telangana,RANGAREDDY
1143,523157,Andhra Pradesh,PRAKASAM
1144,500055,Telangana,HYDERABAD
1145,500035,Telangana,RANGAREDDY
1146,400614,Maharashtra,THANE
1147,505525,Andhra Pradesh,VIZIANAGARAM
1148,500084,Telangana,RANGAREDDY
1149,522004,Andhra Pradesh,GUNTUR
1150,530044,Andhra Pradesh,VISAKHAPATNAM
1151,415804,Maharashtra,RATNAGIRI
1152,523301,Andhra Pradesh,PRAKASAM
1153,500049,Telangana,Trimulgherry
1154,533105,Andhra Pradesh,EAST GODAVARI
1155,500059,Telangana,HYDERABAD
1156,401101,Maharashtra,PALGHAR
1157,500049,Telangana,Trimulgherry
1158,500097,Telangana,RANGAREDDY
1159,517131,Andhra Pradesh,Chittoor
1160,500089,Telangana,RANGAREDDY
1161,462010,Madhya Pradesh,BHOPAL
1162,533247,Andhra Pradesh,East Godavari
1163,500028,Telangana,HYDERABAD
1164,500072,Telangana,HYDERABAD
1165,500049,Telangana,Trimulgherry
1166,500072,Telangana,HYDERABAD
1167,518217,Andhra Pradesh,Kurnool
1168,533235,Andhra Pradesh,East Godavari
1169,757001,Odisha,MAYURBHANJ
1170,500084,Telangana,RANGAREDDY
1171,500050,Telangana,HYDERABAD
1172,500049,Telangana,Trimulgherry
1173,502032,Telangana,SANGAREDDY
1174,524201,Andhra Pradesh,NELLORE
1175,500072,Telangana,HYDERABAD
1176,494556,Chattisgarh,Dantewada
1177,523230,Andhra Pradesh,PRAKASAM
1178,452009,Madhya Pradesh,INDORE
1179,502032,Telangana,SANGAREDDY
1180,440022,Maharashtra,Nagpur
1181,521138,Andhra Pradesh,Krishna
1182,500062,Telangana,HYDERABAD
1183,500021,Telangana,HYDERABAD
1184,500070,Telangana,RANGAREDDY
1185,505001,Telangana,KARIM NAGAR
1186,500029,Telangana,HYDERABAD
1187,110095,Delhi,SHAHDARA
1188,759121,Odisha,DHENKANAL
1189,462021,Madhya Pradesh,BHOPAL
1190,522006,Andhra Pradesh,GUNTUR
1191,503002,Telangana,NIZAMABAD
1192,520012,Andhra Pradesh,KRISHNA
1193,500086,Telangana,RANGAREDDY
1194,500056,Telangana,HYDERABAD
1195,515411,Andhra Pradesh,ANANTHAPUR
1196,500049,Telangana,Trimulgherry
1197,500092,Telangana,RANGAREDDY
1198,500008,Telangana,HYDERABAD
1199,500050,Telangana,HYDERABAD
1200,502032,Telangana,SANGAREDDY
1201,530048,Andhra Pradesh,VISAKHAPATNAM
1202,500072,Telangana,HYDERABAD
1203,500015,Telangana,HYDERABAD
1204,425505,Maharashtra,Jalgaon
1205,500032,Telangana,RANGAREDDY
1206,500035,Telangana,RANGAREDDY
1207,507001,Telangana,KHAMMAM
1208,522603,Andhra Pradesh,GUNTUR
1209,500010,Telangana,HYDERABAD
1210,500055,Telangana,HYDERABAD
1211,524137,Andhra Pradesh,NELLORE
1212,533340,Andhra Pradesh,EAST GODAVARI
1213,500072,Telangana,HYDERABAD
1214,500085,Telangana,HYDERABAD
1215,500089,Telangana,RANGAREDDY
1216,500080,Telangana,HYDERABAD
1217,500089,Telangana,RANGAREDDY
1218,560037,Karnataka,BENGALURU
1219,523101,Andhra Pradesh,PRAKASAM
1220,500080,Telangana,HYDERABAD
1221,500089,Telangana,RANGAREDDY
1222,500031,Telangana,HYDERABAD
1223,521333,Andhra Pradesh,KRISHNA
1224,500045,Telangana,HYDERABAD
1225,522265,Andhra Pradesh,Guntur
1226,500040,Telangana,HYDERABAD
1227,505172,Telangana,PEDDAPALLI
1228,533440,Andhra Pradesh,EAST GODAVARI
1229,500018,Telangana,RANGAREDDY
1230,600095,Tamil Nadu,TIRUVALLUR
1231,600069,Tamil Nadu,KANCHIPURAM
1232,631502,Tamil Nadu,KANCHIPURAM
1233,600100,Tamil Nadu,KANCHIPURAM
1234,625009,Tamil Nadu,MADURAI
1235,631210,Tamil Nadu,TIRUVALLUR
1236,600073,Tamil Nadu,KANCHIPURAM
1237,804418,Bihar,GAYA
1238,524318,Andhra Pradesh,NELLORE
1239,500049,Telangana,Trimulgherry
1240,600011,Tamil Nadu,CHENNAI
1241,500079,Telangana,RANGAREDDY
1242,600091,Tamil Nadu,Chennai
1243,500090,Telangana,RANGAREDDY
1244,503224,Telangana,NIZAMABAD
1245,517299,Andhra Pradesh,CHITTOOR
1246,533001,Andhra Pradesh,EAST GODAVARI
1247,500018,Telangana,RANGAREDDY
1248,500070,Telangana,RANGAREDDY
1249,500018,Telangana,RANGAREDDY
1250,700064,West Bengal,NORTH 24 PARGANAS
1251,500050,Telangana,HYDERABAD
1252,500062,Telangana,HYDERABAD
1253,500050,Telangana,HYDERABAD
1254,600117,Tamil Nadu,KANCHIPURAM
1255,518511,Andhra Pradesh,KURNOOL
1256,506151,Telangana,Warangal
1257,500027,Telangana,HYDERABAD
1258,522201,Andhra Pradesh,Guntur
1259,411038,Maharashtra,PUNE
1260,474001,Madhya Pradesh,GWALIOR
1261,500090,Telangana,RANGAREDDY
1262,500076,Telangana,RANGAREDDY
1263,600041,Tamil Nadu,KANCHIPURAM
1264,600028,Tamil Nadu,Chennai 
1265,500018,Telangana,RANGAREDDY
1266,500062,Telangana,HYDERABAD
1267,756130,Odisha,BHADRAK
1268,851133,Bihar,BEGUSARAI
1269,534320,Andhra Pradesh,West Godavari
1270,500072,Telangana,HYDERABAD
1271,524103,Andhra Pradesh,NELLORE
1272,689106,Kerala,PATHANAMTHITTA
1273,515455,Andhra Pradesh,ANANTHAPUR
1274,500089,Telangana,RANGAREDDY
1275,500055,Telangana,HYDERABAD
1276,500060,Telangana,RANGAREDDY
1277,500048,Telangana,RANGAREDDY
1278,535002,Andhra Pradesh,VIZIANAGARAM
1279,500090,Telangana,RANGAREDDY
1280,506302,Telangana,Warangal
1281,500049,Telangana,Trimulgherry
1282,524137,Andhra Pradesh,NELLORE
1283,524002,Andhra Pradesh,NELLORE
1284,452010,Madhya Pradesh,INDORE
1285,524002,Andhra Pradesh,NELLORE
1286,533125,Andhra Pradesh,EAST GODAVARI
1287,500034,Telangana,HYDERABAD
1288,523187,Andhra Pradesh,PRAKASAM
1289,500049,Telangana,Trimulgherry
1290,518501,Andhra Pradesh,KURNOOL
1291,500067,Telangana,RANGAREDDY
1292,500075,Telangana,RANGAREDDY
1293,524413,Andhra Pradesh,NELLORE
1294,450331,Madhya Pradesh,BURHANPUR
1295,606106,Tamil Nadu,CUDDALORE
1296,313002,Rajasthan,UDAIPUR
1297,500072,Telangana,HYDERABAD
1298,500085,Telangana,HYDERABAD
1299,302006,Rajasthan,JAIPUR
1300,500035,Telangana,RANGAREDDY
1301,500020,Telangana,HYDERABAD
1302,500018,Telangana,RANGAREDDY
1303,444303,Maharashtra,BULDHANA
1304,500035,Telangana,RANGAREDDY
1305,501510,Telangana,RANGAREDDY
1306,502278,Telangana,SIDDIPET
1307,508207,Telangana,NALGONDA
1308,522034,Andhra Pradesh,GUNTUR
1309,505530,Telangana,KARIM NAGAR
1310,504001,Telangana,ADILABAD
1311,500048,Telangana,RANGAREDDY
1312,500049,Telangana,Trimulgherry
1313,500060,Telangana,RANGAREDDY
1314,500048,Telangana,RANGAREDDY
1315,500090,Telangana,RANGAREDDY
1316,444303,Maharashtra,BULDHANA
1317,533293,Andhra Pradesh,EAST GODAVARI
1318,500072,Telangana,HYDERABAD
1319,500084,Telangana,RANGAREDDY
1320,506015,Telangana,Hanamkonda
1321,500089,Telangana,RANGAREDDY
1322,482002,Madhya Pradesh,JABALPUR
1323,520007,Andhra Pradesh,KRISHNA
1324,523002,Andhra Pradesh,PRAKASAM
1325,500031,Telangana,HYDERABAD
1326,530004,Andhra Pradesh,VISAKHAPATNAM
1327,500076,Telangana,RANGAREDDY
1328,518206,Andhra Pradesh,Kurnool
1329,522005,Andhra Pradesh,GUNTUR
1330,500079,Telangana,RANGAREDDY
1331,500019,Telangana,RANGAREDDY
1332,756084,Odisha,BALESWAR
1333,500090,Telangana,RANGAREDDY
1334,500049,Telangana,Trimulgherry
1335,456443,Madhya Pradesh,UJJAIN
1336,500032,Telangana,RANGAREDDY
1337,533105,Andhra Pradesh,EAST GODAVARI
1338,500003,Telangana,HYDERABAD
1339,500090,Telangana,RANGAREDDY
1340,521121,Andhra Pradesh,Krishna
1341,505451,Telangana,KARIM NAGAR
1342,500008,Telangana,HYDERABAD
1343,500018,Telangana,RANGAREDDY
1344,500072,Telangana,HYDERABAD
1345,584101,Karnataka,RAICHUR
1346,500084,Telangana,RANGAREDDY
1347,500030,Telangana,RANGAREDDY
1348,769012,Odisha,SUNDERGARH
1349,504001,Telangana,ADILABAD
1350,500049,Telangana,Trimulgherry
1351,502032,Telangana,SANGAREDDY
1352,500050,Telangana,HYDERABAD
1353,452001,Madhya Pradesh,INDORE
1354,533106,Andhra Pradesh,EAST GODAVARI
1355,500072,Telangana,HYDERABAD
1356,524137,Andhra Pradesh,NELLORE
1357,500049,Telangana,Trimulgherry
1358,534123,Andhra Pradesh,West Godavari
1359,500084,Telangana,RANGAREDDY
1360,523167,Andhra Pradesh,PRAKASAM
1361,500090,Telangana,RANGAREDDY
1362,500010,Telangana,HYDERABAD
1363,811201,Bihar,MUNGER
1364,400104,Maharashtra,MUMBAI SUBUEBAN
1365,509001,Telangana,MAHABUB NAGAR
1366,500027,Telangana,HYDERABAD
1367,517002,Andhra Pradesh,Chittoor
1368,502032,Telangana,SANGAREDDY
1369,765022,Odisha,RAYAGADA
1370,518002,Andhra Pradesh,Kurnool
1371,502032,Telangana,SANGAREDDY
1372,533450,Andhra Pradesh,EAST GODAVARI
1373,500032,Telangana,RANGAREDDY
1374,500091,Telangana,HYDERABAD
1375,507204,Telangana,KHAMMAM
1376,500072,Telangana,HYDERABAD
1377,506303,Telangana,Jangaon
1378,530017,Andhra Pradesh,VISAKHAPATNAM
1379,500050,Telangana,HYDERABAD
1380,500049,Telangana,Trimulgherry
1381,507001,Telangana,KHAMMAM
1382,521225,Andhra Pradesh,KRISHNA
1383,500090,Telangana,RANGAREDDY
1384,508116,Telangana,BHONGIR
1385,500050,Telangana,HYDERABAD
1386,500044,Telangana,HYDERABAD
1387,500091,Telangana,HYDERABAD
1388,515435,Andhra Pradesh,ANANTHAPUR
1389,500047,Telangana,HYDERABAD
1390,502101,Telangana,MEDAK
1391,509103,Telangana,WANAPARTHY
1392,532001,Andhra Pradesh,SRIKAKULAM
1393,500062,Telangana,HYDERABAD
1394,500036,Telangana,RANGAREDDY
1395,500081,Telangana,HYDERABAD
1396,502319,Telangana,SANGAREDDY
1397,503001,Telangana,NIZAMABAD
1398,517507,Andhra Pradesh,CHITTOOR
1399,522001,Andhra Pradesh,GUNTUR
1400,500089,Telangana,RANGAREDDY
1401,505526,Telangana,JAGTIAL
1402,440032,Maharashtra,Nagpur
1403,502032,Telangana,HYDERABAD
1404,505451,Telangana,KARIM NAGAR
1405,500089,Telangana,RANGAREDDY
1406,533101,Andhra Pradesh,EAST GODAVARI
1407,700014,West Bengal,KOLKATA
1408,500084,Telangana,RANGAREDDY
1409,452009,Madhya Pradesh,INDORE
1410,500050,Telangana,HYDERABAD
1411,533002,Andhra Pradesh,EAST GODAVARI
1412,461990,Madhya Pradesh,HOSHANGABAD
1413,500072,Telangana,HYDERABAD
1414,500064,Telangana,HYDERABAD
1415,521301,Andhra Pradesh,KRISHNA
1416,500049,Telangana,Trimulgherry
1417,500019,Telangana,RANGAREDDY
1418,814142,Jharkhand,DEOGHAR
1419,502032,Telangana,SANGAREDDY
1420,500054,Telangana,HYDERABAD
1421,500040,Telangana,HYDERABAD
1422,500019,Telangana,RANGAREDDY
1423,520015,Andhra Pradesh,KRISHNA
1424,500070,Telangana,RANGAREDDY
1425,506002,Telangana,Warangal
1426,521121,Andhra Pradesh,Krishna
1427,500038,Telangana,HYDERABAD
1428,248001,Uttarakhand,DEHRADUN
1429,560036,Karnataka,BENGALURU
1430,500032,Telangana,RANGAREDDY
1431,502280,Telangana,SIDDIPET
1432,507002,Telangana,KHAMMAM
1433,313001,Rajasthan,UDAIPUR
1434,453771,Madhya Pradesh,INDORE
1435,422104,Maharashtra,NASHIK
1436,500073,Telangana,HYDERABAD
1437,522003,Andhra Pradesh,GUNTUR
1438,500018,Telangana,RANGAREDDY
1439,530041,Andhra Pradesh,VISAKHAPATNAM
1440,500089,Telangana,RANGAREDDY
1441,500050,Telangana,HYDERABAD
1442,500072,Telangana,HYDERABAD
1443,500090,Telangana,RANGAREDDY
1444,502319,Telangana,SANGAREDDY
1445,531162,Andhra Pradesh,VISAKHAPATNAM
1446,508001,Telangana,NALGONDA
1447,401303,Maharashtra,PALGHAR
1448,440035,Maharashtra,Nagpur
1449,445207,Maharashtra,Yavatmal
1450,500085,Telangana,HYDERABAD
1451,500019,Telangana,RANGAREDDY
1452,502032,Telangana,SANGAREDDY
1453,754205,Odisha,KENDRAPARA
1454,500089,Telangana,RANGAREDDY
1455,518301,Andhra Pradesh,Kurnool
1456,400615,Maharashtra,THANE
1457,500049,Telangana,Trimulgherry
1458,500061,Telangana,HYDERABAD
1459,500016,Telangana,HYDERABAD
1460,500070,Telangana,RANGAREDDY
1461,504311,Telangana,ADILABAD
1462,500032,Telangana,RANGAREDDY
1463,533214,Andhra Pradesh,East Godavari
1464,500090,Telangana,RANGAREDDY
1465,500038,Telangana,HYDERABAD
1466,500058,Telangana,RANGAREDDY
1467,500060,Telangana,RANGAREDDY
1468,500038,Telangana,HYDERABAD
1469,500089,Telangana,RANGAREDDY
1470,500032,Telangana,RANGAREDDY
1471,500029,Telangana,HYDERABAD
1472,502032,Telangana,SANGAREDDY
1473,500020,Telangana,HYDERABAD
1474,500019,Telangana,RANGAREDDY
1475,600042,Tamil Nadu,CHENNAI
1476,500028,Telangana,HYDERABAD
1477,500049,Telangana,Trimulgherry
1478,500035,Telangana,RANGAREDDY
1479,521331,Andhra Pradesh,Krishna
1480,534207,Andhra Pradesh,West Godavari
1481,500044,Telangana,HYDERABAD
1482,502311,Telangana,SIDDIPET
1483,500049,Telangana,Trimulgherry
1484,500084,Telangana,RANGAREDDY
1485,500027,Telangana,HYDERABAD
1486,500072,Telangana,HYDERABAD
1487,507002,Telangana,KHAMMAM
1488,505460,Telangana,JAGTIAL
1489,500006,Telangana,HYDERABAD
1490,500028,Telangana,HYDERABAD
1491,500060,Telangana,RANGAREDDY
1492,500011,Telangana,HYDERABAD
1493,302018,Rajasthan,JAIPUR
1494,500089,Telangana,RANGAREDDY
1495,500008,Telangana,HYDERABAD
1496,500050,Telangana,HYDERABAD
1497,502032,Telangana,SANGAREDDY
1498,560085,Karnataka,BENGALURU
1499,500072,Telangana,HYDERABAD
1500,500049,Telangana,Trimulgherry
1501,524314,Andhra Pradesh,NELLORE
1502,500098,Telangana,RANGAREDDY
1503,505001,Telangana,KARIM NAGAR
1504,500037,Telangana,RANGAREDDY
1505,501510,Telangana,RANGAREDDY
1506,506370,Telangana,Hanamkonda
1507,261001,Uttar Pradesh,SITAPUR
1508,306401,Rajasthan,PALI
1509,500008,Telangana,HYDERABAD
1510,500050,Telangana,HYDERABAD
1511,500019,Telangana,RANGAREDDY
1512,500035,Telangana,RANGAREDDY
1513,500019,Telangana,RANGAREDDY
1514,501505,Telangana,RANGAREDDY
1515,500090,Telangana,RANGAREDDY
1516,560072,Karnataka,Bangalore
1517,411027,Maharashtra,Pune
1518,500047,Telangana,HYDERABAD
1519,515001,Andhra Pradesh,ANANTHAPUR
1520,500045,Telangana,HYDERABAD
1521,500090,Telangana,RANGAREDDY
1522,500035,Telangana,RANGAREDDY
1523,190006,Jammu and Kashmir,SRINAGAR
1524,502313,Telangana,SANGAREDDY
1525,500075,Telangana,RANGAREDDY
1526,505209,Telangana,PEDDAPALLI
1527,500020,Telangana,HYDERABAD
1528,500059,Telangana,HYDERABAD
1529,518502,Andhra Pradesh,KURNOOL
1530,500055,Telangana,HYDERABAD
1531,505301,Telangana,SIRCILLA
1532,500039,Telangana,RANGAREDDY
1533,500072,Telangana,HYDERABAD
1534,500090,Telangana,RANGAREDDY
1535,509128,Telangana,GADWAL
1536,500049,Telangana,Trimulgherry
1537,500049,Telangana,Trimulgherry
1538,400091,Maharashtra,MUMBAI SUBUEBAN
1539,502032,Telangana,SANGAREDDY
1540,503164,Telangana,NIZAMABAD
1541,533216,Andhra Pradesh,East Godavari
1542,506381,Telangana,Warangal
1543,500042,Telangana,HYDERABAD
1544,500074,Telangana,RANGAREDDY
1545,500049,Telangana,Trimulgherry
1546,501401,Telangana,RANGAREDDY
1547,500050,Telangana,HYDERABAD
1548,500017,Telangana,HYDERABAD
1549,500075,Telangana,RANGAREDDY
1550,500015,Telangana,HYDERABAD
1551,507123,Telangana,KHAMMAM
1552,462047,Madhya Pradesh,BHOPAL
1553,500032,Telangana,RANGAREDDY
1554,505467,Telangana,SIDDIPET
1555,500089,Telangana,RANGAREDDY
1556,500018,Telangana,RANGAREDDY
1557,522549,Andhra Pradesh,GUNTUR
1558,502032,Telangana,SANGAREDDY
1559,500019,Telangana,RANGAREDDY
1560,500064,Telangana,HYDERABAD
1561,500049,Telangana,Trimulgherry
1562,500084,Telangana,RANGAREDDY
1563,812001,Bihar,BHAGALPUR
1564,503111,Telangana,KAMAREDDY
1565,500089,Telangana,RANGAREDDY
1566,502032,Telangana,SANGAREDDY
1567,500018,Telangana,RANGAREDDY
1568,518217,Andhra Pradesh,Kurnool
1569,416216,Maharashtra,Kolhapur
1570,500032,Telangana,RANGAREDDY
1571,500050,Telangana,HYDERABAD
1572,500019,Telangana,RANGAREDDY
1573,500084,Telangana,RANGAREDDY
1574,711201,West Bengal,HOWRAH
1575,500085,Telangana,HYDERABAD
1576,531116,Andhra Pradesh,VISAKHAPATNAM
1577,500026,Telangana,HYDERABAD
1578,500035,Telangana,RANGAREDDY
1579,500092,Telangana,RANGAREDDY
1580,500055,Telangana,HYDERABAD
1581,517501,Andhra Pradesh,CHITTOOR
1582,500032,Telangana,RANGAREDDY
1583,500062,Telangana,HYDERABAD
1584,441110,Maharashtra,NAGPUR
1585,500012,Telangana,HYDERABAD
1586,506002,Telangana,Warangal
1587,530016,Andhra Pradesh,VISAKHAPATNAM
1588,500020,Telangana,HYDERABAD
1589,500089,Telangana,RANGAREDDY
1590,500072,Telangana,HYDERABAD
1591,500089,Telangana,RANGAREDDY
1592,520008,Andhra Pradesh,KRISHNA
1593,500035,Telangana,RANGAREDDY
1594,522647,Andhra Pradesh,GUNTUR
1595,500090,Telangana,RANGAREDDY
1596,502032,Telangana,SANGAREDDY
1597,522001,Andhra Pradesh,GUNTUR
1598,502319,Telangana,SANGAREDDY
1599,221003,Uttar Pradesh,VARANASI
1600,520007,Andhra Pradesh,KRISHNA
1601,530011,Andhra Pradesh,VISAKHAPATNAM
1602,500072,Telangana,HYDERABAD
1603,500016,Telangana,HYDERABAD
1604,474006,Madhya Pradesh,GWALIOR
1605,500027,Telangana,HYDERABAD
1606,500055,Telangana,HYDERABAD
1607,470335,Madhya Pradesh,SAGAR
1608,500018,Telangana,RANGAREDDY
1609,500084,Telangana,RANGAREDDY
1610,500019,Telangana,RANGAREDDY
1611,534235,Andhra Pradesh,West Godavari
1612,517507,Andhra Pradesh,CHITTOOR
1613,500038,Telangana,HYDERABAD
1614,500008,Telangana,HYDERABAD
1615,500010,Telangana,HYDERABAD
1616,502300,Telangana,SANGAREDDY
1617,500085,Telangana,HYDERABAD
1618,521366,Andhra Pradesh,Krishna
1619,506009,Telangana,Warangal
1620,532221,Andhra Pradesh,SRIKAKULAM
1621,500084,Telangana,RANGAREDDY
1622,500049,Telangana,Trimulgherry
1623,500019,Telangana,RANGAREDDY
1624,462023,Madhya Pradesh,BHOPAL
1625,534451,Andhra Pradesh,WEST GODAVARI
1626,500026,Telangana,HYDERABAD
1627,500016,Telangana,HYDERABAD
1628,502319,Telangana,SANGAREDDY
1629,500084,Telangana,RANGAREDDY
1630,500006,Telangana,HYDERABAD
1631,560093,Karnataka,BENGALURU
1632,500019,Telangana,RANGAREDDY
1633,500026,Telangana,HYDERABAD
1634,505467,Telangana,SIDDIPET
1635,507003,Telangana,KHAMMAM
1636,502032,Telangana,SANGAREDDY
1637,505001,Telangana,KARIM NAGAR
1638,500010,Telangana,HYDERABAD
1639,521345,Andhra Pradesh,KRISHNA
1640,503111,Telangana,KAMAREDDY
1641,500049,Telangana,Trimulgherry
1642,533464,Andhra Pradesh,EAST GODAVARI
1643,500090,Telangana,RANGAREDDY
1644,500060,Telangana,RANGAREDDY
1645,500072,Telangana,HYDERABAD
1646,522436,Andhra Pradesh,GUNTUR
1647,600119,Tamil Nadu,KANCHIPURAM
1648,505172,Telangana,PEDDAPALLI
1649,500024,Telangana,HYDERABAD
1650,502032,Telangana,SANGAREDDY
1651,500089,Telangana,RANGAREDDY
1652,500091,Telangana,HYDERABAD
1653,500090,Telangana,RANGAREDDY
1654,507003,Telangana,KHAMMAM
1655,500020,Telangana,HYDERABAD
1656,500028,Telangana,HYDERABAD
1657,600073,Tamil Nadu,KANCHIPURAM
1658,500090,Telangana,RANGAREDDY
1659,500050,Telangana,HYDERABAD
1660,507101,Telangana,KOTHAGUDEM COLLS
1661,500084,Telangana,RANGAREDDY
1662,502117,Telangana,MEDAK
1663,535003,Andhra Pradesh,VIZIANAGARAM
1664,534350,Andhra Pradesh,West Godavari
1665,503224,Telangana,NIZAMABAD
1666,534275,Andhra Pradesh,West Godavari
1667,180004,Jammu and Kashmir,JAMMU
1668,500079,Telangana,RANGAREDDY
1669,500038,Telangana,HYDERABAD
1670,180004,Jammu and Kashmir,JAMMU
1671,502032,Telangana,SANGAREDDY
1672,500050,Telangana,HYDERABAD
1673,500084,Telangana,RANGAREDDY
1674,521137,Andhra Pradesh,KRISHNA
1675,501510,Telangana,RANGAREDDY
1676,522412,Andhra Pradesh,GUNTUR
1677,501301,Telangana,HYDERABAD
1678,500092,Telangana,RANGAREDDY
1679,500072,Telangana,HYDERABAD
1680,585403,Karnataka,Bidar
1681,502032,Telangana,SANGAREDDY
1682,442001,Maharashtra,WARDHA
1683,500078,Telangana,HYDERABAD
1684,502032,Telangana,SANGAREDDY
1685,500082,Telangana,HYDERABAD
1686,504103,Telangana,NIRMAL
1687,500087,Telangana,HYDERABAD
1688,500049,Telangana,Trimulgherry
1689,500047,Telangana,HYDERABAD
1690,500028,Telangana,HYDERABAD
1691,500072,Telangana,HYDERABAD
1692,500020,Telangana,HYDERABAD
1693,500038,Telangana,HYDERABAD
1694,500091,Telangana,HYDERABAD
1695,500067,Telangana,RANGAREDDY
1696,533103,Andhra Pradesh,EAST GODAVARI
1697,530046,Andhra Pradesh,VISAKHAPATNAM
1698,500084,Telangana,RANGAREDDY
1699,500084,Telangana,RANGAREDDY
1700,530002,Andhra Pradesh,VISAKHAPATNAM
1701,502032,Telangana,SANGAREDDY
1702,500018,Telangana,RANGAREDDY
1703,524407,Andhra Pradesh,NELLORE
1704,524002,Andhra Pradesh,NELLORE
1705,500089,Telangana,RANGAREDDY
1706,500050,Telangana,HYDERABAD
1707,500090,Telangana,RANGAREDDY
1708,585201,Karnataka,YADGIR
1709,501218,Telangana,RANGAREDDY
1710,500085,Telangana,HYDERABAD
1711,606105,Tamil Nadu,CUDDALORE
1712,500090,Telangana,RANGAREDDY
1713,522001,Andhra Pradesh,GUNTUR
1714,500018,Telangana,RANGAREDDY
1715,760010,Odisha,GANJAM
1716,502032,Telangana,SANGAREDDY
1717,533262,Andhra Pradesh,EAST GODAVARI
1718,500054,Telangana,HYDERABAD
1719,504001,Telangana,ADILABAD
1720,520013,Andhra Pradesh,KRISHNA
1721,500055,Telangana,HYDERABAD
1722,500055,Telangana,HYDERABAD
1723,500072,Telangana,HYDERABAD
1724,412406,Maharashtra,PUNE
1725,500036,Telangana,RANGAREDDY
1726,500038,Telangana,HYDERABAD
1727,500091,Telangana,HYDERABAD
1728,585228,Karnataka,KALABURAGI
1729,500061,Telangana,HYDERABAD
1730,500019,Telangana,RANGAREDDY
1731,500019,Telangana,RANGAREDDY
1732,500089,Telangana,RANGAREDDY
1733,411040,Maharashtra,Pune
1734,521138,Andhra Pradesh,Krishna
1735,500086,Telangana,RANGAREDDY
1736,502032,Telangana,SANGAREDDY
1737,506002,Telangana,Warangal
1738,500008,Telangana,HYDERABAD
1739,521108,Andhra Pradesh,KRISHNA
1740,500050,Telangana,HYDERABAD
1741,500017,Telangana,HYDERABAD
1742,500050,Telangana,HYDERABAD
1743,500018,Telangana,RANGAREDDY
1744,500084,Telangana,RANGAREDDY
1745,500090,Telangana,RANGAREDDY
1746,534460,Andhra Pradesh,WEST GODAVARI
1747,500090,Telangana,RANGAREDDY
1748,585213,Karnataka,KALABURAGI
1749,501141,Telangana,RANGAREDDY
1750,625007,Tamil Nadu,MADURAI
1751,500049,Telangana,Trimulgherry
1752,500018,Telangana,RANGAREDDY
1753,500038,Telangana,HYDERABAD
1754,500049,Telangana,Trimulgherry
1755,492001,Chattisgarh,RAIPUR
1756,500072,Telangana,HYDERABAD
1757,500018,Telangana,RANGAREDDY
1758,500060,Telangana,RANGAREDDY
1759,502032,Telangana,SANGAREDDY
1760,500061,Telangana,HYDERABAD
1761,530046,Andhra Pradesh,VISAKHAPATNAM
1762,500019,Telangana,RANGAREDDY
1763,500049,Telangana,Trimulgherry
1764,500090,Telangana,RANGAREDDY
1765,524343,Andhra Pradesh,NELLORE
1766,500015,Telangana,HYDERABAD
1767,502032,Telangana,SANGAREDDY
1768,760001,Odisha,GANJAM
1769,532001,Andhra Pradesh,SRIKAKULAM
1770,509301,Telangana,MAHABUB NAGAR
1771,500049,Telangana,Trimulgherry
1772,500075,Telangana,RANGAREDDY
1773,500013,Telangana,HYDERABAD
1774,522601,Andhra Pradesh,GUNTUR
1775,506002,Telangana,Warangal
1776,577501,Karnataka,CHITRADURGA
1777,500084,Telangana,RANGAREDDY
1778,500013,Telangana,HYDERABAD
1779,533211,Andhra Pradesh,East Godavari
1780,500072,Telangana,HYDERABAD
1781,500072,Telangana,HYDERABAD
1782,533293,Andhra Pradesh,EAST GODAVARI
1783,506144,Telangana,Warangal
1784,500090,Telangana,RANGAREDDY
1785,507117,Telangana,KOTHAGUDEM
1786,521301,Andhra Pradesh,KRISHNA
1787,521108,Andhra Pradesh,KRISHNA
1788,500020,Telangana,HYDERABAD
1789,500061,Telangana,HYDERABAD
1790,506001,Telangana,Warangal
1791,521121,Andhra Pradesh,Krishna
1792,500008,Telangana,HYDERABAD
1793,500055,Telangana,HYDERABAD
1794,500049,Telangana,Trimulgherry
1795,500019,Telangana,RANGAREDDY
1796,585103,Karnataka,KALABURAGI
1797,500081,Telangana,HYDERABAD
1798,515801,Andhra Pradesh,ANANTHAPUR
1799,502032,Telangana,SANGAREDDY
1800,500029,Telangana,HYDERABAD
1801,502032,Telangana,SANGAREDDY
1802,506145,Telangana,Hanamkonda
1803,500035,Telangana,RANGAREDDY
1804,500089,Telangana,RANGAREDDY
1805,500037,Telangana,RANGAREDDY
1806,520015,Andhra Pradesh,KRISHNA
1807,461221,Madhya Pradesh,HOSHANGABAD
1808,274502,Uttar Pradesh,DEORIA
1809,841218,Bihar,SARAN
1810,508207,Telangana,NALGONDA
1811,500089,Telangana,RANGAREDDY
1812,507123,Telangana,KHAMMAM
1813,431001,Maharashtra,AURANGABAD
1814,500076,Telangana,RANGAREDDY
1815,400709,Maharashtra,THANE
1816,500045,Telangana,HYDERABAD
1817,201301,Uttar Pradesh,GAUTAM BUDDHA NAGAR
1818,500018,Telangana,RANGAREDDY
1819,523230,Andhra Pradesh,PRAKASAM
1820,505001,Telangana,KARIM NAGAR
1821,507001,Telangana,KHAMMAM
1822,500080,Telangana,HYDERABAD
1823,506101,Telangana,Warangal
1824,110085,Delhi,NORTH WEST DELHI
1825,500008,Telangana,HYDERABAD
1826,533107,Andhra Pradesh,EAST GODAVARI
1827,501505,Telangana,RANGAREDDY
1828,520007,Andhra Pradesh,KRISHNA
1829,534260,Andhra Pradesh,West Godavari
1830,500032,Telangana,RANGAREDDY
1831,522006,Andhra Pradesh,GUNTUR
1832,400102,Maharashtra,MUMBAI SUBUEBAN
1833,411006,Maharashtra,Pune
1834,502319,Telangana,SANGAREDDY
1835,500072,Telangana,HYDERABAD
1836,523201,Andhra Pradesh,PRAKASAM
1837,500056,Telangana,HYDERABAD
1838,500038,Telangana,HYDERABAD
1839,500076,Telangana,RANGAREDDY
1840,502032,Telangana,SANGAREDDY
1841,248001,Uttarakhand,DEHRADUN
1842,500085,Telangana,HYDERABAD
1843,500047,Telangana,HYDERABAD
1844,521301,Andhra Pradesh,KRISHNA
1845,505209,Telangana,PEDDAPALLI
1846,507001,Telangana,KHAMMAM
1847,509125,Telangana,GADWAL
1848,500019,Telangana,RANGAREDDY
1849,401203,Maharashtra,PALGHAR
1850,507117,Telangana,KOTHAGUDEM
1851,500035,Telangana,RANGAREDDY
1852,500019,Telangana,RANGAREDDY
1853,507001,Telangana,KHAMMAM
1854,505327,Telangana,JAGTIAL
1855,400610,Maharashtra,THANE
1856,500028,Telangana,HYDERABAD
1857,522426,Andhra Pradesh,GUNTUR
1858,500015,Telangana,HYDERABAD
1859,520001,Andhra Pradesh,KRISHNA
1860,522403,Andhra Pradesh,GUNTUR
1861,500089,Telangana,RANGAREDDY
1862,500063,Telangana,HYDERABAD
1863,500018,Telangana,RANGAREDDY
1864,502278,Telangana,SIDDIPET
1865,500009,Telangana,HYDERABAD
1866,502032,Telangana,SANGAREDDY
1867,411057,Maharashtra,Pune
1868,500090,Telangana,RANGAREDDY
1869,603210,Tamil Nadu,KANCHIPURAM
1870,535102,Andhra Pradesh,VIZIANAGARAM
1871,500091,Telangana,HYDERABAD
1872,400601,Maharashtra,THANE
1873,500072,Telangana,HYDERABAD
1874,121007,Haryana,FARIDABAD
1875,534006,Andhra Pradesh,WEST GODAVARI
1876,500055,Telangana,HYDERABAD
1877,500042,Telangana,HYDERABAD
1878,518010,Andhra Pradesh,Kurnool
1879,520001,Andhra Pradesh,KRISHNA
1880,500084,Telangana,RANGAREDDY
1881,509215,Telangana,NAGAR KURNOOL
1882,523001,Andhra Pradesh,PRAKASAM
1883,523271,Andhra Pradesh,PRAKASAM
1884,534002,Andhra Pradesh,WEST GODAVARI
1885,500072,Telangana,HYDERABAD
1886,500007,Telangana,HYDERABAD
1887,506101,Telangana,Warangal
1888,502336,Telangana,MEDAK
1889,500084,Telangana,RANGAREDDY
1890,522426,Andhra Pradesh,GUNTUR
1891,524005,Andhra Pradesh,NELLORE
1892,515001,Andhra Pradesh,ANANTHAPUR
1893,500043,Telangana,HYDERABAD
1894,500090,Telangana,RANGAREDDY
1895,500039,Telangana,RANGAREDDY
1896,500094,Telangana,HYDERABAD
1897,506169,Telangana,Parkal
1898,508116,Telangana,BHONGIR
1899,767017,Odisha,SONAPUR
1900,500085,Telangana,HYDERABAD
1901,500081,Telangana,HYDERABAD
1902,500072,Telangana,HYDERABAD
1903,500026,Telangana,HYDERABAD
1904,500035,Telangana,RANGAREDDY
1905,508278,Telangana,NALGONDA
1906,560100,Karnataka,BENGALURU
1907,500096,Telangana,HYDERABAD
1908,411038,Maharashtra,PUNE
1909,520007,Andhra Pradesh,KRISHNA
1910,600096,Tamil Nadu,KANCHIPURAM
1911,500074,Telangana,RANGAREDDY
1912,500013,Telangana,HYDERABAD
1913,500035,Telangana,RANGAREDDY
1914,500072,Telangana,HYDERABAD
1915,456001,Madhya Pradesh,UJJAIN
1916,521137,Andhra Pradesh,KRISHNA
1917,500084,Telangana,RANGAREDDY
1918,505302,Telangana,SIRCILLA
1919,500040,Telangana,HYDERABAD
1920,500090,Telangana,RANGAREDDY
1921,500018,Telangana,RANGAREDDY
1922,125033,Haryana,HISAR
1923,500048,Telangana,RANGAREDDY
1924,700115,West Bengal,NORTH 24 PARGANAS
1925,500010,Telangana,HYDERABAD
1926,500078,Telangana,HYDERABAD
1927,500079,Telangana,RANGAREDDY
1928,500025,Telangana,HYDERABAD
1929,811212,Bihar,MUNGER
1930,500081,Telangana,HYDERABAD
1931,500084,Telangana,RANGAREDDY
1932,500084,Telangana,RANGAREDDY
1933,524101,Andhra Pradesh,NELLORE
1934,500062,Telangana,HYDERABAD
1935,502032,Telangana,SANGAREDDY
1936,509216,Telangana,RANGAREDDY
1937,534260,Andhra Pradesh,West Godavari
1938,560100,Karnataka,BENGALURU
1939,500056,Telangana,HYDERABAD
1940,534204,Andhra Pradesh,West Godavari
1941,500037,Telangana,RANGAREDDY
1942,533286,Andhra Pradesh,EAST GODAVARI
1943,500060,Telangana,RANGAREDDY
1944,411041,Maharashtra,PUNE
1945,560034,Karnataka,BENGALURU
1946,500055,Telangana,HYDERABAD
1947,521321,Andhra Pradesh,KRISHNA
1948,560060,Karnataka,BENGALURU
1949,560068,Karnataka,BENGALURU
1950,500085,Telangana,HYDERABAD
1951,500050,Telangana,HYDERABAD
1952,500061,Telangana,HYDERABAD
1953,505325,Andhra Pradesh,Guntur
1954,501401,Telangana,RANGAREDDY
1955,500084,Telangana,RANGAREDDY
1956,500058,Telangana,RANGAREDDY
1957,503001,Telangana,NIZAMABAD
1958,500080,Telangana,HYDERABAD
1959,500047,Telangana,HYDERABAD
1960,506302,Telangana,Warangal
1961,500058,Telangana,RANGAREDDY
1962,500068,Telangana,RANGAREDDY
1963,506002,Telangana,Warangal
1964,501510,Telangana,RANGAREDDY
1965,521215,Andhra Pradesh,KRISHNA
1966,532001,Andhra Pradesh,SRIKAKULAM
1967,411060,Maharashtra,Pune
1968,211003,Uttar Pradesh,ALLAHABAD
1969,500072,Telangana,HYDERABAD
1970,500035,Telangana,RANGAREDDY
1971,500044,Telangana,HYDERABAD
1972,522201,Andhra Pradesh,Guntur
1973,411057,Maharashtra,Pune
1974,502319,Telangana,SANGAREDDY
1975,360005,Gujarat,RAJKOT
1976,500050,Telangana,HYDERABAD
1977,524004,Andhra Pradesh,NELLORE
1978,500044,Telangana,HYDERABAD
1979,444004,Maharashtra,AKOLA
1980,500006,Telangana,HYDERABAD
1981,506001,Telangana,Warangal
1982,500076,Telangana,RANGAREDDY
1983,508252,Telangana,BHONGIR
1984,500035,Telangana,RANGAREDDY
1985,500055,Telangana,HYDERABAD
1986,500035,Telangana,RANGAREDDY
1987,500017,Telangana,HYDERABAD
1988,500092,Telangana,RANGAREDDY
1989,500011,Telangana,HYDERABAD
1990,500076,Telangana,RANGAREDDY
1991,500054,Telangana,HYDERABAD
1992,500080,Telangana,HYDERABAD
1993,500072,Telangana,HYDERABAD
1994,508213,Telangana,SURYAPET
1995,500060,Telangana,RANGAREDDY
1996,452010,Madhya Pradesh,INDORE
1997,500089,Telangana,RANGAREDDY
1998,500026,Telangana,HYDERABAD
1999,501510,Telangana,RANGAREDDY
2000,506002,Telangana,Warangal
2001,395005,Gujarat,SURAT
2002,500072,Telangana,HYDERABAD
2003,518543,Andhra Pradesh,KURNOOL
2004,500047,Telangana,HYDERABAD
2005,500035,Telangana,RANGAREDDY
2006,500020,Telangana,HYDERABAD
2007,500013,Telangana,HYDERABAD
2008,500036,Telangana,RANGAREDDY
2009,500070,Telangana,RANGAREDDY
2010,500033,Telangana,HYDERABAD
2011,501359,Telangana,RANGAREDDY
2012,502306,Telangana,SANGAREDDY
2013,500079,Telangana,RANGAREDDY
2014,506004,Telangana,Warangal
2015,500036,Telangana,RANGAREDDY
2016,505001,Telangana,KARIM NAGAR
2017,506001,Telangana,Warangal
2018,506002,Telangana,Warangal
2019,828114,Jharkhand,DHANBAD
2020,502032,Telangana,SANGAREDDY
2021,500044,Telangana,HYDERABAD
2022,444005,Maharashtra,AKOLA
2023,500011,Telangana,HYDERABAD
2024,444203,Maharashtra,BULDHANA
2025,506001,Telangana,Warangal
2026,413105,Maharashtra,PUNE
2027,483501,Madhya Pradesh,KATNI
2028,443201,Maharashtra,BULDHANA
2029,445202,Maharashtra,Yavatmal
2030,500020,Telangana,HYDERABAD
2031,440008,Maharashtra,Nagpur
2032,801503,Bihar,Patna
2033,765001,Odisha,RAYAGADA
2034,502336,Telangana,MEDAK
2035,831004,Jharkhand,EAST SINGHBHUM
2036,500051,Telangana,RANGAREDDY
2037,450001,Madhya Pradesh,KHANDWA
2038,504103,Telangana,NIRMAL
2039,500064,Telangana,HYDERABAD
2040,500026,Telangana,HYDERABAD
2041,507123,Telangana,KHAMMAM
2042,502108,Telangana,SIDDIPET
2043,500079,Telangana,RANGAREDDY
2044,421201,Maharashtra,THANE
2045,500053,Telangana,HYDERABAD
2046,509375,Telangana,NAGAR KURNOOL
2047,443001,Maharashtra,BULDHANA
2048,500090,Telangana,RANGAREDDY
2049,462010,Madhya Pradesh,BHOPAL
2050,500072,Telangana,HYDERABAD
2051,500012,Telangana,HYDERABAD
2052,440002,Maharashtra,Nagpur
2053,834006,Jharkhand,RANCHI
2054,500056,Telangana,HYDERABAD
2055,444203,Maharashtra,BULDHANA
2056,500097,Telangana,RANGAREDDY
2057,507001,Telangana,KHAMMAM
2058,500011,Telangana,HYDERABAD
2059,500053,Telangana,HYDERABAD
2060,471525,Madhya Pradesh,CHHATARPUR
2061,500084,Telangana,RANGAREDDY
2062,534225,Andhra Pradesh,West Godavari
2063,506009,Telangana,Warangal
2064,500025,Telangana,HYDERABAD
2065,520015,Andhra Pradesh,KRISHNA
2066,500086,Telangana,RANGAREDDY
2067,524004,Andhra Pradesh,NELLORE
2068,584124,Karnataka,RAICHUR
2069,503002,Telangana,NIZAMABAD
2070,530045,Andhra Pradesh,VISAKHAPATNAM
2071,500018,Telangana,RANGAREDDY
2072,500080,Telangana,HYDERABAD
2073,600119,Tamil Nadu,KANCHIPURAM
2074,505480,Telangana,KARIM NAGAR
2075,517001,Andhra Pradesh,Chittoor
2076,506002,Telangana,Warangal
2077,145001,Punjab,PATHANKOT
2078,500032,Telangana,RANGAREDDY
2079,518102,Andhra Pradesh,Kurnool
2080,500079,Telangana,RANGAREDDY
2081,503001,Telangana,NIZAMABAD
2082,500065,Telangana,HYDERABAD
2083,122011,Haryana,GURGAON
2084,500044,Telangana,HYDERABAD
2085,502032,Telangana,SANGAREDDY
2086,500070,Telangana,RANGAREDDY
2087,442001,Maharashtra,WARDHA
2088,522413,Andhra Pradesh,GUNTUR
2089,500018,Telangana,RANGAREDDY
2090,500020,Telangana,HYDERABAD
2091,500089,Telangana,RANGAREDDY
2092,524313,Andhra Pradesh,NELLORE
2093,500020,Telangana,HYDERABAD
2094,500020,Telangana,HYDERABAD
2095,125055,Haryana,SIRSA
2096,506001,Telangana,Warangal
2097,523157,Andhra Pradesh,PRAKASAM
2098,502032,Telangana,SANGAREDDY
2099,506001,Telangana,Warangal
2100,534145,Andhra Pradesh,West Godavari
2101,500097,Telangana,RANGAREDDY
2102,522302,Andhra Pradesh,GUNTUR
2103,506330,Telangana,Warangal
2104,502270,Telangana,SANGAREDDY
2105,501506,Telangana,RANGAREDDY
2106,534268,Andhra Pradesh,WEST GODAVARI
2107,500008,Telangana,HYDERABAD
2108,500045,Telangana,HYDERABAD
2109,452018,Madhya Pradesh,INDORE
2110,500026,Telangana,HYDERABAD
2111,500020,Telangana,HYDERABAD
2112,800020,Bihar,PATNA
2113,506223,Telangana,Jangaon
2114,520012,Andhra Pradesh,KRISHNA
2115,500084,Telangana,RANGAREDDY
2116,500027,Telangana,HYDERABAD
2117,503245,Telangana,NIZAMABAD
2118,534007,Andhra Pradesh,WEST GODAVARI
2119,500081,Telangana,HYDERABAD
2120,518155,Andhra Pradesh,KURNOOL
2121,221005,Uttar Pradesh,VARANASI
2122,500072,Telangana,HYDERABAD
2123,506009,Telangana,Warangal
2124,452012,Madhya Pradesh,INDORE
2125,500008,Telangana,HYDERABAD
2126,500036,Telangana,RANGAREDDY
2127,452001,Madhya Pradesh,INDORE
2128,500036,Telangana,RANGAREDDY
2129,500035,Telangana,RANGAREDDY
2130,522264,Andhra Pradesh,Guntur
2131,500068,Telangana,RANGAREDDY
2132,500007,Telangana,HYDERABAD
2133,500044,Telangana,HYDERABAD
2134,500049,Telangana,Trimulgherry
2135,500084,Telangana,RANGAREDDY
2136,500072,Telangana,HYDERABAD
2137,500098,Telangana,RANGAREDDY
2138,465667,Madhya Pradesh,RAJGARH
2139,500086,Telangana,RANGAREDDY
2140,831018,Jharkhand,East Singhbhum
2141,500049,Telangana,Trimulgherry
2142,500072,Telangana,HYDERABAD
2143,442001,Maharashtra,WARDHA
2144,500096,Telangana,HYDERABAD
2145,462022,Madhya Pradesh,BHOPAL
2146,500080,Telangana,HYDERABAD
2147,500080,Telangana,HYDERABAD
2148,500060,Telangana,RANGAREDDY
2149,521157,Andhra Pradesh,Krishna
2150,501218,Telangana,RANGAREDDY
2151,504208,Telangana,MANCHERIAL
2152,560102,Karnataka,BENGALURU
2153,500072,Telangana,HYDERABAD
2154,504001,Telangana,ADILABAD
2155,533107,Andhra Pradesh,EAST GODAVARI
2156,503224,Telangana,NIZAMABAD
2157,500072,Telangana,HYDERABAD
2158,505001,Telangana,KARIM NAGAR
2159,505415,Telangana,KARIM NAGAR
2160,500013,Telangana,HYDERABAD
2161,502291,Telangana,SANGAREDDY
2162,500061,Telangana,HYDERABAD
2163,503001,Telangana,NIZAMABAD
2164,534211,Andhra Pradesh,West Godavari
2165,500079,Telangana,RANGAREDDY
2166,500035,Telangana,RANGAREDDY
2167,500044,Telangana,HYDERABAD
2168,501218,Telangana,RANGAREDDY
2169,508213,Telangana,SURYAPET
2170,508207,Telangana,NALGONDA
2171,505102,Telangana,WARANGAL
2172,500013,Telangana,HYDERABAD
2173,560068,Karnataka,BENGALURU
2174,522529,Andhra Pradesh,GUNTUR
2175,516434,Andhra Pradesh,KADAPA
2176,500076,Telangana,RANGAREDDY
2177,500049,Telangana,Trimulgherry
2178,507001,Telangana,KHAMMAM
2179,500035,Telangana,RANGAREDDY
2180,500061,Telangana,HYDERABAD
2181,500013,Telangana,HYDERABAD
2182,831017,Jharkhand,EAST SINGHBHUM
2183,500045,Telangana,HYDERABAD
2184,500059,Telangana,HYDERABAD
2185,500098,Telangana,RANGAREDDY
2186,500029,Telangana,HYDERABAD
2187,509215,Telangana,NAGAR KURNOOL
2188,500067,Telangana,RANGAREDDY
2189,500079,Telangana,RANGAREDDY
2190,500059,Telangana,HYDERABAD
2191,500098,Telangana,RANGAREDDY
2192,500020,Telangana,HYDERABAD
2193,504208,Telangana,MANCHERIAL
2194,500092,Telangana,RANGAREDDY
2195,500056,Telangana,HYDERABAD
2196,842001,Bihar,MUZAFFARPUR
2197,500049,Telangana,Trimulgherry
2198,500049,Telangana,Trimulgherry
2199,500079,Telangana,RANGAREDDY
2200,500015,Telangana,HYDERABAD
2201,520008,Andhra Pradesh,KRISHNA
2202,500068,Telangana,RANGAREDDY
2203,500010,Telangana,HYDERABAD
2204,500059,Telangana,HYDERABAD
2205,831012,Jharkhand,EAST SINGHBHUM
2206,502319,Telangana,SANGAREDDY
2207,508001,Telangana,NALGONDA
2208,508244,Telangana,NALGONDA
2209,500018,Telangana,RANGAREDDY
2210,507101,Telangana,KOTHAGUDEM COLLS
2211,502001,Telangana,SANGAREDDY
2212,506381,Telangana,Warangal
2213,444005,Maharashtra,AKOLA
2214,505330,Telangana,JAGTIAL
2215,502255,Telangana,MEDAK
2216,500039,Telangana,RANGAREDDY
2217,500074,Telangana,RANGAREDDY
2218,444001,Maharashtra,AKOLA
2219,444004,Maharashtra,AKOLA
2220,500047,Telangana,HYDERABAD
2221,452009,Madhya Pradesh,INDORE
2222,500050,Telangana,HYDERABAD
2223,505001,Telangana,KARIM NAGAR
2224,516002,Andhra Pradesh,KADAPA
2225,831001,Jharkhand,EAST SINGHBHUM
2226,500068,Telangana,RANGAREDDY
2227,411057,Maharashtra,Pune
2228,600102,Tamil Nadu,CHENNAI
2229,500019,Telangana,RANGAREDDY
2230,444303,Maharashtra,BULDHANA
2231,500050,Telangana,HYDERABAD
2232,452020,Madhya Pradesh,INDORE
2233,455001,Madhya Pradesh,DEWAS
2234,500072,Telangana,HYDERABAD
2235,444505,Maharashtra,WASHIM
2236,500006,Telangana,HYDERABAD
2237,522265,Andhra Pradesh,Guntur
2238,507301,Telangana,KHAMMAM
2239,500035,Telangana,RANGAREDDY
2240,532001,Andhra Pradesh,SRIKAKULAM
2241,500084,Telangana,RANGAREDDY
2242,530004,Andhra Pradesh,VISAKHAPATNAM
2243,641010,Tamil Nadu,COIMBATORE
2244,600073,Tamil Nadu,KANCHIPURAM
2245,500019,Telangana,RANGAREDDY
2246,500018,Telangana,RANGAREDDY
2247,516360,Andhra Pradesh,KADAPA
2248,505001,Telangana,KARIM NAGAR
2249,500005,Telangana,RangaReddy
2250,500053,Telangana,HYDERABAD
2251,501506,Telangana,RANGAREDDY
2252,500070,Telangana,RANGAREDDY
2253,500018,Telangana,RANGAREDDY
2254,500085,Telangana,HYDERABAD
2255,226002,Uttar Pradesh,LUCKNOW
2256,531173,Andhra Pradesh,VISAKHAPATNAM
2257,500004,Telangana,HYDERABAD
2258,500100,Telangana,RANGAREDDY
2259,500038,Telangana,HYDERABAD
2260,829206,Jharkhand,LATEHAR
2261,500076,Telangana,RANGAREDDY
2262,533251,Andhra Pradesh,East Godavari
2263,500072,Telangana,HYDERABAD
2264,521105,Andhra Pradesh,KRISHNA
2265,638701,Tamil Nadu,TIRUPPUR
2266,276136,Uttar Pradesh,AZAMGARH
2267,534211,Andhra Pradesh,West Godavari
2268,500070,Telangana,RANGAREDDY
2269,581113,Karnataka,Dharwad
2270,713205,West Bengal,BARDHAMAN
2271,500018,Telangana,RANGAREDDY
2272,370001,Gujarat,KACHCHH
2273,560078,Karnataka,BENGALURU
2274,533214,Andhra Pradesh,East Godavari
2275,500036,Telangana,RANGAREDDY
2276,500089,Telangana,RANGAREDDY
2277,328021,Rajasthan,DHOLPUR
2278,506003,Andhra Pradesh,PRAKASAM
2279,500044,Telangana,HYDERABAD
2280,500027,Telangana,HYDERABAD
2281,411048,Maharashtra,Pune
2282,531163,Andhra Pradesh,VISAKHAPATNAM
2283,781034,Assam,KAMRUP
2284,500072,Telangana,HYDERABAD
2285,522501,Andhra Pradesh,GUNTUR
2286,500016,Telangana,HYDERABAD
2287,500050,Telangana,HYDERABAD
2288,500013,Telangana,HYDERABAD
2289,500009,Telangana,HYDERABAD
2290,500055,Telangana,HYDERABAD
2291,400605,Maharashtra,THANE
2292,500032,Telangana,RANGAREDDY
2293,641004,Tamil Nadu,COIMBATORE
2294,520012,Andhra Pradesh,KRISHNA
2295,600119,Tamil Nadu,KANCHIPURAM
2296,636003,Tamil Nadu,SALEM
2297,500070,Telangana,RANGAREDDY
2298,500090,Telangana,RANGAREDDY
2299,516001,Andhra Pradesh,KADAPA
2300,500081,Telangana,HYDERABAD
2301,506001,Telangana,Warangal
2302,500090,Telangana,RANGAREDDY
2303,800002,Bihar,Patna
2304,515001,Andhra Pradesh,ANANTHAPUR
2305,500049,Telangana,Trimulgherry
2306,841414,Bihar,SARAN
2307,500090,Telangana,RANGAREDDY
2308,560068,Karnataka,BENGALURU
2309,600063,Tamil Nadu,KANCHIPURAM
2310,411041,Maharashtra,PUNE
2311,500028,Telangana,Hyderabad
2312,522616,Andhra Pradesh,GUNTUR
2313,530041,Andhra Pradesh,VISAKHAPATNAM
2314,560038,Karnataka,BENGALURU
2315,500089,Telangana,RANGAREDDY
2316,533429,Andhra Pradesh,EAST GODAVARI
2317,520004,Andhra Pradesh,KRISHNA
2318,523167,Andhra Pradesh,PRAKASAM
2319,110088,Delhi,NORTH WEST DELHI
2320,500019,Telangana,RANGAREDDY
2321,500090,Telangana,RANGAREDDY
2322,500081,Telangana,HYDERABAD
2323,624001,Tamil Nadu,DINDIGUL
2324,631501,Tamil Nadu,KANCHIPURAM
2325,500018,Telangana,RANGAREDDY
2326,247001,Uttar Pradesh,SAHARANPUR
2327,500062,Telangana,HYDERABAD
2328,209502,Uttar Pradesh,FARRUKHABAD
2329,534202,Andhra Pradesh,West Godavari
2330,500090,Telangana,RANGAREDDY
2331,520007,Andhra Pradesh,KRISHNA
2332,505502,Telangana,SIRCILLA
2333,505502,Telangana,SIRCILLA
2334,500049,Telangana,Trimulgherry
2335,500028,Telangana,HYDERABAD
2336,411046,Maharashtra,PUNE
2337,202001,Uttar Pradesh,Aligarh
2338,603202,Tamil Nadu,Kanchipuram
2339,503230,Andhra Pradesh,VIZIANAGARAM
2340,201005,Uttar Pradesh,GHAZIABAD
2341,517501,Andhra Pradesh,CHITTOOR
2342,122017,Haryana,GURGAON
2343,500010,Telangana,HYDERABAD
2344,502110,Telangana,MEDAK
2345,500050,Telangana,HYDERABAD
2346,600100,Tamil Nadu,KANCHIPURAM
2347,502278,Telangana,SIDDIPET
2348,524346,Andhra Pradesh,NELLORE
2349,500072,Telangana,HYDERABAD
2350,440027,Maharashtra,Nagpur
2351,503001,Telangana,NIZAMABAD
2352,500008,Telangana,HYDERABAD
2353,630004,Tamil Nadu,Sivaganga
2354,507125,Telangana,KOTHAGUDEM COLLS
2355,500048,Telangana,RANGAREDDY
2356,500070,Telangana,RANGAREDDY
2357,500032,Telangana,RANGAREDDY
2358,641006,Tamil Nadu,COIMBATORE
2359,521215,Andhra Pradesh,KRISHNA
2360,534260,Andhra Pradesh,West Godavari
2361,500010,Telangana,HYDERABAD
2362,500049,Telangana,Trimulgherry
2363,502032,Telangana,SANGAREDDY
2364,507003,Telangana,KHAMMAM
2365,500072,Telangana,HYDERABAD
2366,533104,Andhra Pradesh,EAST GODAVARI
2367,506381,Telangana,Warangal
2368,500085,Telangana,HYDERABAD
2369,522415,Andhra Pradesh,GUNTUR
2370,502032,Telangana,SANGAREDDY
2371,535003,Andhra Pradesh,VIZIANAGARAM
2372,506015,Telangana,Hanamkonda
2373,500020,Telangana,HYDERABAD
2374,500072,Telangana,HYDERABAD
2375,500048,Telangana,RANGAREDDY
2376,500059,Telangana,HYDERABAD
2377,502319,Telangana,SANGAREDDY
2378,480334,Madhya Pradesh,CHHINDWARA
2379,503111,Telangana,KAMAREDDY
2380,505460,Telangana,JAGTIAL
2381,500038,Telangana,HYDERABAD
2382,600100,Tamil Nadu,KANCHIPURAM
2383,506313,Telangana,Warangal
2384,500046,Telangana,RANGAREDDY
2385,517644,Andhra Pradesh,CHITTOOR
2386,500089,Telangana,RANGAREDDY
2387,603103,Tamil Nadu,KANCHIPURAM
2388,700040,West Bengal,KOLKATA
2389,500032,Telangana,RANGAREDDY
2390,506003,Andhra Pradesh,PRAKASAM
2391,507303,Telangana,KOTHAGUDEM
2392,503175,Telangana,NIZAMABAD
2393,600095,Tamil Nadu,TIRUVALLUR
2394,591217,Karnataka,BELAGAVI
2395,600094,Tamil Nadu,CHENNAI
2396,500079,Telangana,RANGAREDDY
2397,600094,Tamil Nadu,CHENNAI
2398,522233,Andhra Pradesh,GUNTUR
2399,507117,Telangana,KOTHAGUDEM
2400,500018,Telangana,RANGAREDDY
2401,754082,Odisha,JAJAPUR
2402,502103,Telangana,SIDDIPET
2403,508213,Telangana,SURYAPET
2404,425107,Maharashtra,Jalgaon
2405,506142,Telangana,Hanamkonda
2406,505001,Telangana,KARIM NAGAR
2407,500089,Telangana,RANGAREDDY
2408,500032,Telangana,RANGAREDDY
2409,531127,Andhra Pradesh,VISAKHAPATNAM
2410,500036,Telangana,RANGAREDDY
2411,516003,Andhra Pradesh,KADAPA
2412,500047,Telangana,HYDERABAD
2413,534250,Andhra Pradesh,WEST GODAVARI
2414,500011,Telangana,HYDERABAD
2415,641110,Tamil Nadu,COIMBATORE
2416,534426,Andhra Pradesh,WEST GODAVARI
2417,532001,Andhra Pradesh,SRIKAKULAM
2418,523155,Andhra Pradesh,PRAKASAM
2419,533429,Andhra Pradesh,EAST GODAVARI
2420,500019,Telangana,RANGAREDDY
2421,507160,Telangana,KHAMMAM
2422,560036,Karnataka,BENGALURU
2423,500010,Telangana,HYDERABAD
2424,524004,Andhra Pradesh,NELLORE
2425,416012,Maharashtra,Kolhapur
2426,606601,Tamil Nadu,TIRUVANNAMALAI
2427,524228,Andhra Pradesh,NELLORE
2428,206122,Uttar Pradesh,AURAIYA
2429,518002,Andhra Pradesh,Kurnool
2430,532410,Andhra Pradesh,SRIKAKULAM
2431,502032,Telangana,SANGAREDDY
2432,530032,Andhra Pradesh,VISAKHAPATNAM
2433,760001,Odisha,GANJAM
2434,505327,Telangana,JAGTIAL
2435,500049,Telangana,Trimulgherry
2436,482021,Madhya Pradesh,JABALPUR
2437,560076,Karnataka,BENGALURU
2438,445206,Maharashtra,Yavatmal
2439,500062,Telangana,HYDERABAD
2440,560037,Karnataka,BENGALURU
2441,502032,Telangana,SANGAREDDY
2442,500085,Telangana,HYDERABAD
2443,500085,Telangana,HYDERABAD
2444,500026,Telangana,HYDERABAD
2445,534301,Andhra Pradesh,West Godavari
2446,500049,Telangana,Trimulgherry
2447,522201,Andhra Pradesh,Guntur
2448,524001,Andhra Pradesh,NELLORE
2449,522034,Andhra Pradesh,GUNTUR
2450,522501,Andhra Pradesh,GUNTUR
2451,500026,Telangana,HYDERABAD
2452,500083,Telangana,RANGAREDDY
2453,504208,Telangana,MANCHERIAL
2456,500070,Telangana,RANGAREDDY
2457,500050,Telangana,HYDERABAD
2458,500050,Telangana,HYDERABAD
2459,500039,Telangana,RANGAREDDY
2460,534166,Andhra Pradesh,West Godavari
2461,500068,Telangana,RANGAREDDY
2462,506370,Telangana,Hanamkonda
2463,500015,Telangana,HYDERABAD
2464,560091,Karnataka,BENGALURU RURAL
2465,500008,Telangana,HYDERABAD
2466,560045,Karnataka,BENGALURU
2467,530017,Andhra Pradesh,VISAKHAPATNAM
2468,521211,Andhra Pradesh,KRISHNA
2469,500008,Telangana,HYDERABAD
2470,508245,Telangana,NALGONDA
2471,500081,Telangana,HYDERABAD
2472,500074,Telangana,RANGAREDDY
2473,500076,Telangana,RANGAREDDY
2474,523171,Andhra Pradesh,PRAKASAM
2475,600131,Tamil Nadu,KANCHIPURAM
2476,500085,Telangana,HYDERABAD
2477,500079,Telangana,RANGAREDDY
2478,500062,Telangana,HYDERABAD
2479,500081,Telangana,HYDERABAD
2480,506001,Telangana,Warangal
2481,500072,Telangana,HYDERABAD
2482,534475,Andhra Pradesh,WEST GODAVARI
2483,500020,Telangana,HYDERABAD
2484,507202,Telangana,KHAMMAM
2485,500032,Telangana,RANGAREDDY
2486,500056,Telangana,HYDERABAD
2487,751019,Odisha,KHORDA
2488,452001,Madhya Pradesh,INDORE
2489,639201,Tamil Nadu,KARUR
2490,500084,Telangana,RANGAREDDY
2491,682034,Kerala,ERNAKULAM
2492,625009,Tamil Nadu,MADURAI
2493,500040,Telangana,HYDERABAD
2494,400097,Maharashtra,MUMBAI SUBUEBAN
2495,500018,Telangana,RANGAREDDY
2496,508204,Telangana,SURYAPET
2497,500060,Telangana,HYDERABAD
2498,500019,Telangana,RANGAREDDY
2499,751025,Odisha,KHORDA
2500,508101,Telangana,BHONGIR
2501,500090,Telangana,RANGAREDDY
2502,505122,Telangana,KARIM NAGAR
2503,500072,Telangana,HYDERABAD
2504,500081,Telangana,HYDERABAD
2505,500075,Telangana,RANGAREDDY
2506,603103,Tamil Nadu,KANCHIPURAM
2507,500086,Telangana,RANGAREDDY
2508,533309,Andhra Pradesh,EAST GODAVARI
2509,273004,Uttar Pradesh,GORAKHPUR
2510,502032,Telangana,SANGAREDDY
2511,462023,Madhya Pradesh,BHOPAL
2512,500084,Telangana,RANGAREDDY
2513,522002,Andhra Pradesh,GUNTUR
2514,500089,Telangana,RANGAREDDY
2515,500072,Telangana,HYDERABAD
2516,263139,Uttarakhand,NAINITAL
2517,500072,Telangana,HYDERABAD
2518,500085,Telangana,HYDERABAD
2519,508113,Telangana,BHONGIR
2520,522211,Andhra Pradesh,Guntur
2521,502032,Telangana,SANGAREDDY
2522,524240,Andhra Pradesh,NELLORE
2523,500047,Telangana,HYDERABAD
2524,585314,Karnataka,KALABURAGI
2525,201306,Uttar Pradesh,GAUTAM BUDDHA NAGAR
2526,506167,Telangana,Warangal
2527,521286,Andhra Pradesh,KRISHNA
2528,502032,Telangana,SANGAREDDY
2529,605602,Tamil Nadu,VILLUPURAM
2530,500016,Telangana,HYDERABAD
2531,530040,Andhra Pradesh,VISAKHAPATNAM
2533,624003,Tamil Nadu,DINDIGUL
2534,500032,Telangana,RANGAREDDY
2535,506001,Telangana,Warangal
2536,600073,Tamil Nadu,KANCHIPURAM
2537,500045,Telangana,HYDERABAD
2538,636004,Tamil Nadu,SALEM
2539,302026,Rajasthan,JAIPUR
2540,410206,Maharashtra,RAIGARH(MH)
2541,600026,Tamil Nadu,CHENNAI
2542,500055,Telangana,HYDERABAD
2543,501301,Telangana,HYDERABAD
2544,500090,Telangana,RANGAREDDY
2545,523225,Andhra Pradesh,PRAKASAM
2546,517536,Andhra Pradesh,CHITTOOR
2547,500061,Telangana,HYDERABAD
2548,531002,Andhra Pradesh,VISAKHAPATNAM
2549,500049,Telangana,Trimulgherry
2550,502032,Telangana,SANGAREDDY
2551,500049,Telangana,Trimulgherry
2552,760004,Odisha,GANJAM
2553,500089,Telangana,RANGAREDDY
2554,804452,Bihar,PATNA
2555,500040,Telangana,HYDERABAD
2556,500032,Telangana,RANGAREDDY
2557,509001,Telangana,MAHABUB NAGAR
2558,530002,Andhra Pradesh,VISAKHAPATNAM
2559,500036,Telangana,RANGAREDDY
2560,500076,Telangana,RANGAREDDY
2561,583129,Karnataka,BELLARY
2562,500089,Telangana,RANGAREDDY
2563,500019,Telangana,RANGAREDDY
2564,500074,Telangana,RANGAREDDY
2565,500019,Telangana,RANGAREDDY
2566,500046,Telangana,RANGAREDDY
2567,500084,Telangana,RANGAREDDY
2568,522111,Andhra Pradesh,Guntur
2569,508126,Telangana,BHONGIR
2570,522001,Andhra Pradesh,GUNTUR
2571,500085,Telangana,HYDERABAD
2572,522403,Andhra Pradesh,GUNTUR
2573,500074,Telangana,RANGAREDDY
2574,522503,Andhra Pradesh,Guntur
2575,503311,Telangana,NIZAMABAD
2576,522006,Andhra Pradesh,GUNTUR
2577,509001,Telangana,MAHABUB NAGAR
2578,522005,Andhra Pradesh,GUNTUR
2579,521235,Andhra Pradesh,KRISHNA
2580,521190,Andhra Pradesh,KRISHNA
2581,533287,Andhra Pradesh,EAST GODAVARI
2582,523001,Andhra Pradesh,PRAKASAM
2583,506005,Telangana,Warangal
2584,518004,Andhra Pradesh,Kurnool
2585,500027,Telangana,HYDERABAD
2586,500007,Telangana,HYDERABAD
2587,520010,Andhra Pradesh,KRISHNA
2588,502278,Telangana,SIDDIPET
2589,522237,Andhra Pradesh,Guntur
2590,522201,Andhra Pradesh,Guntur
2591,518501,Andhra Pradesh,Kurnool
2592,521175,Andhra Pradesh,KRISHNA
2593,521180,Andhra Pradesh,KRISHNA
2594,523002,Andhra Pradesh,PRAKASAM
2595,520012,Andhra Pradesh,KRISHNA
2596,521130,Andhra Pradesh,Krishna
2597,522409,Andhra Pradesh,GUNTUR
2598,520012,Andhra Pradesh,KRISHNA
2599,520012,Andhra Pradesh,KRISHNA
2600,522201,Andhra Pradesh,Guntur
2601,534437,Andhra Pradesh,WEST GODAVARI
2602,520015,Andhra Pradesh,KRISHNA
2603,533126,Andhra Pradesh,EAST GODAVARI
2604,500264,Telangana,HYDERABAD
2605,522201,Andhra Pradesh,Guntur
2606,500062,Telangana,HYDERABAD
2607,521225,Andhra Pradesh,KRISHNA
2608,520003,Andhra Pradesh,KRISHNA
2609,523001,Andhra Pradesh,PRAKASAM
2610,522007,Andhra Pradesh,GUNTUR
2611,500029,Telangana,HYDERABAD
2612,521180,Andhra Pradesh,KRISHNA
2613,522201,Andhra Pradesh,Guntur
2614,522004,Andhra Pradesh,GUNTUR
2615,507115,Telangana,KOTHAGUDEM
2616,522003,Andhra Pradesh,GUNTUR
2617,522508,Andhra Pradesh,GUNTUR
2618,522403,Andhra Pradesh,GUNTUR
2619,522647,Andhra Pradesh,Guntur
2620,533101,Andhra Pradesh,EAST GODAVARI
2621,533005,Andhra Pradesh,EAST GODAVARI
2622,522006,Andhra Pradesh,GUNTUR
2623,521225,Andhra Pradesh,KRISHNA
2624,522015,Andhra Pradesh,GUNTUR
2625,523190,Andhra Pradesh,PRAKASAM
2626,500094,Telangana,HYDERABAD
2627,522302,Andhra Pradesh,GUNTUR
2628,533430,Andhra Pradesh,EAST GODAVARI
2629,500005,Telangana,HYDERABAD
2630,523357,Andhra Pradesh,PRAKASAM
2631,521180,Andhra Pradesh,KRISHNA
2632,522601,Andhra Pradesh,GUNTUR
2633,502032,Telangana,SANGAREDDY
2634,500072,Telangana,HYDERABAD
2635,506001,Telangana,Warangal
2636,500072,Telangana,HYDERABAD
2637,600048,Tamil Nadu,KANCHIPURAM
2638,505001,Telangana,KARIM NAGAR
2639,500084,Telangana,RANGAREDDY
2640,751001,Odisha,KHORDA
2641,524002,Andhra Pradesh,NELLORE
2642,500072,Telangana,HYDERABAD
2643,500073,Telangana,HYDERABAD
2644,500049,Telangana,Trimulgherry
2645,560029,Karnataka,BENGALURU
2646,500072,Telangana,HYDERABAD
2647,522006,Andhra Pradesh,GUNTUR
2648,500072,Telangana,HYDERABAD
2649,500050,Telangana,HYDERABAD
2650,411048,Maharashtra,Pune
